user_id,openness,conscientiousness,extraversion,agreeableness,neuroticism,risk_tolerance,creativity_score,analytical_thinking,people_orientation,detail_oriented,stress_tolerance
user_0001,10,5,8,8,4,2,9,8,9,5,6
user_0002,7,7,4,3,2,5,7,6,4,6,9
user_0003,10,4,7,4,5,4,9,3,7,4,6
user_0004,8,7,6,5,7,2,7,5,4,3,5
user_0005,10,6,7,5,2,9,8,5,9,6,9
user_0006,8,7,2,6,6,10,9,6,3,8,5
user_0007,5,6,5,7,6,1,8,6,8,7,7
user_0008,8,10,3,8,1,2,9,8,3,8,9
user_0009,8,5,9,6,4,4,8,6,7,4,5
user_0010,5,10,3,6,3,10,2,9,5,9,8
user_0011,5,7,3,4,4,9,8,10,4,8,7
user_0012,6,4,7,10,5,9,9,4,5,6,4
user_0013,7,5,9,6,5,4,9,5,6,7,7
user_0014,3,7,5,9,3,10,8,5,6,8,8
user_0015,7,9,6,6,4,1,8,6,7,8,7
user_0016,6,8,2,6,4,3,4,10,4,6,7
user_0017,8,7,9,4,6,7,10,7,10,5,8
user_0018,5,6,8,6,4,5,8,8,10,7,3
user_0019,9,3,5,7,5,4,10,5,6,3,8
user_0020,5,9,4,4,4,6,6,6,4,8,9
user_0021,8,8,5,7,2,2,6,8,4,8,1
user_0022,6,8,8,9,4,2,7,5,6,6,6
user_0023,10,5,10,3,3,6,8,8,7,6,6
user_0024,3,9,5,6,7,5,5,5,5,8,6
user_0025,4,7,4,7,2,1,5,7,3,10,7
user_0026,8,7,10,7,2,8,9,7,6,6,5
user_0027,3,8,1,5,3,2,3,10,2,8,7
user_0028,8,4,8,9,3,2,6,7,6,7,7
user_0029,5,9,7,5,7,5,2,8,5,9,8
user_0030,5,7,3,7,4,10,4,9,4,9,7
user_0031,4,7,5,6,3,6,6,9,3,8,8
user_0032,4,10,6,8,5,4,5,10,4,9,8
user_0033,10,6,6,9,3,2,8,7,9,6,6
user_0034,7,6,4,4,6,4,7,6,3,8,7
user_0035,4,8,4,5,3,5,6,5,1,6,8
user_0036,8,10,5,5,4,4,6,7,3,8,8
user_0037,6,10,3,6,5,2,5,8,4,8,9
user_0038,6,7,9,10,8,5,4,8,7,10,8
user_0039,4,6,3,8,3,6,6,7,9,8,7
user_0040,7,5,5,9,7,6,8,2,9,4,4
user_0041,4,7,9,6,3,4,7,6,8,8,7
user_0042,10,4,5,7,5,5,8,8,8,7,6
user_0043,10,8,7,7,5,2,10,4,9,7,9
user_0044,3,5,4,8,6,3,5,10,2,6,8
user_0045,5,8,1,6,2,4,6,9,3,8,9
user_0046,8,6,5,7,5,8,7,4,5,4,7
user_0047,8,7,5,9,4,5,5,7,8,6,7
user_0048,9,2,5,8,7,9,9,6,8,10,5
user_0049,8,3,4,7,4,6,6,4,5,7,4
user_0050,5,10,4,4,6,1,6,6,3,6,10
user_0051,10,7,4,7,5,1,8,4,5,5,7
user_0052,6,7,3,4,3,6,7,8,2,8,6
user_0053,3,7,6,9,3,5,3,4,7,7,8
user_0054,8,5,3,4,4,4,8,6,3,9,7
user_0055,6,7,5,9,1,6,3,9,4,9,8
user_0056,9,4,8,7,6,8,8,4,6,5,6
user_0057,6,10,8,8,6,8,5,3,5,4,7
user_0058,9,7,7,6,7,5,5,5,8,2,4
user_0059,9,4,7,10,6,4,9,4,5,6,7
user_0060,10,5,8,6,6,9,9,5,6,5,6
user_0061,6,7,6,9,4,5,7,7,3,6,5
user_0062,10,5,8,4,8,10,10,6,9,6,6
user_0063,4,7,9,10,7,10,5,5,6,7,5
user_0064,3,9,6,8,3,6,3,8,7,5,8
user_0065,8,7,6,4,5,3,8,1,6,4,4
user_0066,7,10,4,5,7,8,5,9,4,9,8
user_0067,7,7,3,5,3,1,8,7,6,4,5
user_0068,7,4,3,5,1,2,4,6,6,9,6
user_0069,10,3,6,7,4,3,10,4,6,6,5
user_0070,5,9,2,6,4,7,5,8,2,9,8
user_0071,4,10,3,4,1,2,5,7,7,5,5
user_0072,6,6,6,9,4,7,7,7,7,6,7
user_0073,5,6,2,8,4,8,4,9,5,8,9
user_0074,5,7,5,4,5,5,5,9,6,10,6
user_0075,2,7,4,7,4,1,3,9,3,8,10
user_0076,8,3,6,7,3,2,10,6,8,4,5
user_0077,9,6,10,5,6,9,8,5,10,5,4
user_0078,7,7,4,7,4,5,3,6,3,7,7
user_0079,6,5,4,6,4,6,7,9,4,7,10
user_0080,8,8,4,4,3,5,9,7,5,8,6
user_0081,7,6,7,8,4,3,5,7,6,8,8
user_0082,5,6,9,9,6,1,3,7,8,7,5
user_0083,9,8,10,5,4,5,10,8,7,5,7
user_0084,2,7,3,5,3,3,5,10,3,10,8
user_0085,4,10,3,7,4,2,5,9,8,8,8
user_0086,5,7,3,7,6,5,5,6,4,7,7
user_0087,6,5,6,8,3,9,5,8,4,8,4
user_0088,4,7,2,5,3,4,7,8,5,8,6
user_0089,10,4,6,8,7,6,10,5,6,5,4
user_0090,7,8,5,7,6,3,6,7,4,9,9
user_0091,5,8,5,8,4,9,5,6,6,9,4
user_0092,7,8,4,8,4,10,8,8,4,7,6
user_0093,8,6,9,4,5,8,4,7,9,10,8
user_0094,7,10,1,2,5,2,7,6,5,8,7
user_0095,5,9,9,5,6,5,5,5,7,7,7
user_0096,8,5,5,9,5,1,10,5,7,5,5
user_0097,9,6,7,8,5,10,10,3,9,4,8
user_0098,8,6,5,5,4,2,5,7,1,5,5
user_0099,10,6,6,5,4,8,8,8,9,5,6
user_0100,6,4,3,4,2,2,5,10,4,7,7
user_0101,8,9,4,5,5,9,6,9,4,9,8
user_0102,7,8,7,4,6,3,6,7,3,7,7
user_0103,9,4,6,10,8,8,9,5,7,5,7
user_0104,4,6,5,7,3,3,7,7,2,9,6
user_0105,9,7,10,5,3,9,8,8,6,10,5
user_0106,5,8,4,6,3,10,4,7,5,8,8
user_0107,7,2,8,6,4,4,4,5,8,6,6
user_0108,4,9,5,5,5,4,4,6,4,10,6
user_0109,9,5,7,9,5,5,10,7,8,5,7
user_0110,5,6,8,9,6,6,5,7,4,8,6
user_0111,7,2,10,8,6,9,4,7,5,6,4
user_0112,5,7,8,9,5,2,6,10,6,7,5
user_0113,10,6,7,5,8,4,7,5,5,4,5
user_0114,8,8,6,6,4,6,9,9,2,8,5
user_0115,7,10,3,6,4,10,8,6,1,10,8
user_0116,3,5,4,5,6,4,6,7,8,10,8
user_0117,1,10,2,4,5,4,8,10,5,9,6
user_0118,9,8,4,5,3,2,7,5,3,6,8
user_0119,10,8,9,3,3,1,10,4,7,6,8
user_0120,9,2,6,7,3,2,9,4,7,5,3
user_0121,8,7,4,6,5,6,8,6,3,5,4
user_0122,6,6,2,7,4,9,9,6,4,6,3
user_0123,7,5,7,7,5,5,8,5,6,6,2
user_0124,9,3,7,9,3,8,10,8,7,6,4
user_0125,8,4,6,5,5,9,7,5,5,5,8
user_0126,9,6,4,7,7,10,7,7,7,3,6
user_0127,5,9,5,5,4,8,2,8,3,7,6
user_0128,10,5,5,6,7,8,9,8,7,5,6
user_0129,6,7,5,7,2,7,4,5,4,6,10
user_0130,9,8,6,8,6,2,8,6,6,5,5
user_0131,6,9,3,4,5,7,6,8,3,9,6
user_0132,6,9,10,6,4,7,5,6,8,7,8
user_0133,6,7,6,9,5,8,3,5,6,5,6
user_0134,8,9,3,8,4,1,5,7,3,7,7
user_0135,10,6,8,7,6,2,7,2,9,3,7
user_0136,6,5,4,7,4,7,4,7,4,5,6
user_0137,9,6,8,4,6,6,9,5,6,5,8
user_0138,5,10,1,3,6,2,5,6,5,7,5
user_0139,10,4,10,6,7,4,9,6,9,5,7
user_0140,9,3,10,7,5,9,9,2,5,6,6
user_0141,4,7,8,10,6,3,4,4,9,6,7
user_0142,7,7,7,10,4,3,7,7,7,9,6
user_0143,7,9,8,4,2,8,4,10,7,7,8
user_0144,9,6,8,6,5,2,9,4,9,5,4
user_0145,6,8,7,7,5,9,5,6,7,8,6
user_0146,8,10,4,9,5,1,5,9,4,9,5
user_0147,9,4,7,4,4,9,10,8,8,4,6
user_0148,7,7,3,6,2,1,6,7,4,6,8
user_0149,9,7,6,5,5,4,9,5,1,5,5
user_0150,8,8,6,7,8,7,10,8,8,6,5
user_0151,7,6,5,8,4,8,5,8,8,7,4
user_0152,7,4,5,4,5,7,8,7,7,3,3
user_0153,9,8,3,4,4,3,9,10,6,7,8
user_0154,6,4,7,8,4,1,3,7,6,5,10
user_0155,5,9,9,8,4,5,6,5,7,8,5
user_0156,5,7,2,4,3,8,6,9,2,10,8
user_0157,6,6,5,7,5,7,6,8,9,5,8
user_0158,10,4,8,3,5,9,9,3,9,4,8
user_0159,10,7,6,6,5,8,10,6,7,4,6
user_0160,7,1,7,8,2,4,7,5,10,5,7
user_0161,6,10,8,4,3,4,5,8,10,8,8
user_0162,7,5,5,5,4,10,10,8,2,7,5
user_0163,10,3,9,4,7,9,10,5,9,6,5
user_0164,8,6,3,7,4,6,7,6,4,10,8
user_0165,8,10,3,6,3,1,8,7,5,9,3
user_0166,5,9,5,6,4,8,4,9,6,7,6
user_0167,6,8,1,6,5,9,4,7,4,10,7
user_0168,8,4,6,5,8,1,8,6,9,6,6
user_0169,5,8,3,7,2,2,6,8,5,9,8
user_0170,6,7,5,3,4,3,8,6,2,8,7
user_0171,8,8,4,7,5,10,7,9,6,7,8
user_0172,9,7,1,7,4,4,7,8,4,9,7
user_0173,6,6,8,9,3,2,7,6,8,7,4
user_0174,4,8,4,6,5,4,2,7,3,10,5
user_0175,4,8,5,8,2,10,5,10,5,9,6
user_0176,3,9,3,3,5,10,10,7,5,10,5
user_0177,10,9,4,3,4,7,6,10,3,8,6
user_0178,10,8,7,6,3,10,8,5,7,5,8
user_0179,2,8,2,8,4,9,2,8,3,9,5
user_0180,4,8,8,7,4,5,5,7,7,9,7
user_0181,10,4,5,4,3,6,6,5,7,2,4
user_0182,8,5,9,8,5,5,7,1,5,4,7
user_0183,5,7,6,8,5,3,6,5,9,6,6
user_0184,10,6,9,6,4,5,10,4,8,5,7
user_0185,5,4,6,9,5,6,4,8,5,8,6
user_0186,5,10,2,7,5,2,4,10,3,8,7
user_0187,7,9,5,3,6,8,5,9,5,6,7
user_0188,3,8,4,8,5,10,7,8,4,6,9
user_0189,9,10,2,5,4,2,8,6,4,7,7
user_0190,5,9,4,6,3,4,4,8,7,9,8
user_0191,6,8,6,7,3,5,5,6,3,7,7
user_0192,10,8,7,7,3,6,8,3,6,4,6
user_0193,5,9,2,6,8,4,6,4,3,9,4
user_0194,5,8,8,5,7,5,4,8,9,9,7
user_0195,9,4,7,6,6,8,8,5,6,6,6
user_0196,3,9,2,5,3,9,8,4,8,9,7
user_0197,9,6,8,6,5,5,10,5,7,5,5
user_0198,5,4,5,7,3,9,4,10,6,7,7
user_0199,6,5,3,7,6,9,8,9,4,7,6
user_0200,8,9,10,7,4,2,8,7,7,7,9
user_0201,7,4,5,6,3,5,9,5,5,5,4
user_0202,5,6,2,4,6,2,7,7,1,8,8
user_0203,10,6,10,4,1,9,10,8,9,6,7
user_0204,10,3,7,7,7,5,10,5,6,4,8
user_0205,5,7,8,6,2,10,8,8,8,7,7
user_0206,10,3,6,6,3,6,7,4,8,5,5
user_0207,10,4,7,6,6,5,8,1,6,7,4
user_0208,6,10,5,7,3,8,4,9,6,8,8
user_0209,7,8,6,2,3,1,5,7,8,7,5
user_0210,8,8,4,4,6,7,7,9,2,5,5
user_0211,6,6,2,7,2,5,8,6,4,7,7
user_0212,7,7,4,4,6,1,7,7,2,4,7
user_0213,10,9,8,5,4,3,7,6,10,9,6
user_0214,10,6,9,6,4,5,9,6,10,4,9
user_0215,9,5,7,7,5,8,10,2,5,4,8
user_0216,4,10,5,7,2,7,4,8,4,10,7
user_0217,3,9,5,8,6,1,3,7,3,8,7
user_0218,9,7,3,6,3,2,10,5,4,10,6
user_0219,9,5,7,8,1,3,10,3,7,5,6
user_0220,2,9,8,4,4,1,4,9,5,8,7
user_0221,8,7,5,4,2,6,6,10,4,7,8
user_0222,3,9,6,6,3,9,5,8,4,10,8
user_0223,8,4,8,6,5,7,10,7,6,2,4
user_0224,7,6,4,8,4,1,10,5,5,4,4
user_0225,7,8,10,3,6,6,7,6,7,7,6
user_0226,5,10,1,5,2,1,6,9,3,4,7
user_0227,7,8,10,4,5,4,8,5,9,7,8
user_0228,10,5,6,6,3,4,8,7,6,6,6
user_0229,7,4,9,4,4,2,10,7,7,5,4
user_0230,9,9,9,4,2,9,7,8,10,8,10
user_0231,7,6,3,6,6,7,10,8,3,8,6
user_0232,4,10,5,7,4,3,5,10,4,8,9
user_0233,9,6,7,9,5,3,10,3,6,6,4
user_0234,5,7,1,5,5,3,6,8,4,8,8
user_0235,7,7,7,8,1,1,7,6,5,8,7
user_0236,10,5,8,4,7,6,9,4,7,2,5
user_0237,4,5,1,7,3,7,8,7,1,6,6
user_0238,5,7,4,6,5,4,8,7,2,7,7
user_0239,5,6,9,5,4,3,5,7,7,9,6
user_0240,3,6,1,5,3,2,3,6,2,8,7
user_0241,4,7,6,8,7,1,8,5,8,8,8
user_0242,7,10,2,4,5,8,6,8,4,8,9
user_0243,10,6,6,6,3,4,9,5,6,6,6
user_0244,6,6,3,5,4,8,5,7,5,7,10
user_0245,9,10,7,7,3,5,7,8,8,6,9
user_0246,4,6,3,4,5,4,8,7,4,8,7
user_0247,9,6,7,5,7,1,10,3,7,6,6
user_0248,10,9,6,3,5,4,10,5,10,3,5
user_0249,5,9,9,7,4,6,7,6,6,7,9
user_0250,6,6,8,8,2,2,8,7,8,9,7
user_0251,6,9,3,5,2,5,4,10,5,5,9
user_0252,7,8,9,5,3,9,7,8,5,7,9
user_0253,6,10,7,8,6,9,6,7,7,10,8
user_0254,7,6,9,4,3,1,6,9,10,6,7
user_0255,6,6,3,5,8,5,8,5,3,9,3
user_0256,6,2,9,7,4,10,9,1,7,5,4
user_0257,5,8,7,6,2,1,6,6,9,9,8
user_0258,8,5,3,5,8,10,6,10,5,8,4
user_0259,6,7,6,10,6,6,5,5,6,5,7
user_0260,10,5,7,6,6,6,6,5,8,7,7
user_0261,3,7,6,7,4,10,5,6,3,8,5
user_0262,5,7,4,6,4,2,6,7,5,9,5
user_0263,7,8,7,10,5,10,4,9,8,6,7
user_0264,9,5,7,7,8,5,10,5,8,3,5
user_0265,10,7,2,5,3,7,6,7,1,8,5
user_0266,6,10,4,7,4,9,9,6,5,8,6
user_0267,4,6,4,4,4,9,3,9,2,8,7
user_0268,8,6,8,5,3,4,7,6,5,6,7
user_0269,8,7,8,7,4,7,7,8,6,9,7
user_0270,6,7,3,5,5,6,10,9,2,8,5
user_0271,5,10,8,8,4,6,6,9,5,8,5
user_0272,8,8,8,3,5,2,6,6,9,5,6
user_0273,10,5,6,8,7,5,10,7,10,4,7
user_0274,6,10,5,5,6,5,4,8,5,10,6
user_0275,10,6,8,6,1,7,9,6,6,6,7
user_0276,9,10,8,5,3,7,6,8,7,6,7
user_0277,10,4,9,5,5,5,10,5,8,5,7
user_0278,4,7,4,4,3,3,4,8,4,8,7
user_0279,10,4,5,5,5,7,8,3,5,4,5
user_0280,10,5,7,4,4,7,8,6,5,5,6
user_0281,10,10,8,4,4,3,7,5,6,7,7
user_0282,4,8,7,6,6,10,6,9,5,9,10
user_0283,6,9,8,3,3,7,9,9,8,9,8
user_0284,2,7,7,6,3,1,4,10,7,10,8
user_0285,7,5,10,4,4,5,5,7,7,7,8
user_0286,8,6,5,7,7,7,8,3,6,6,5
user_0287,5,8,2,7,4,10,5,6,2,8,6
user_0288,4,9,1,6,3,6,3,7,3,9,8
user_0289,2,3,6,9,1,8,5,6,9,6,6
user_0290,6,3,8,9,5,4,10,3,9,6,6
user_0291,4,8,4,7,1,8,6,8,3,8,6
user_0292,5,8,2,7,5,3,8,7,5,8,6
user_0293,8,7,7,5,5,2,10,5,8,8,5
user_0294,8,7,7,7,5,9,9,7,8,5,8
user_0295,10,5,8,5,5,10,8,6,3,5,9
user_0296,8,9,9,8,2,2,9,9,8,9,9
user_0297,4,7,3,4,5,4,5,8,3,5,7
user_0298,7,5,5,8,6,5,10,7,6,6,6
user_0299,9,6,8,7,3,4,7,4,7,3,2
user_0300,10,5,7,6,4,1,9,5,5,5,6
user_0301,5,6,3,8,5,4,5,8,1,9,7
user_0302,5,8,5,6,4,10,7,4,2,6,6
user_0303,7,7,3,7,1,2,5,8,4,7,7
user_0304,2,6,7,7,5,7,6,6,7,5,7
user_0305,10,6,7,6,6,10,6,7,7,6,5
user_0306,6,3,6,5,8,7,7,4,7,3,6
user_0307,6,6,6,8,2,7,6,9,7,7,5
user_0308,7,7,7,9,4,3,10,6,7,5,6
user_0309,10,6,5,4,4,1,10,5,9,3,6
user_0310,3,9,3,6,2,2,7,9,4,7,7
user_0311,4,9,6,7,2,7,6,6,4,8,10
user_0312,7,4,6,5,6,3,9,4,5,6,3
user_0313,5,7,4,5,3,9,7,5,5,8,8
user_0314,5,6,4,10,5,1,6,8,5,7,7
user_0315,6,5,4,6,4,4,5,7,3,8,9
user_0316,7,7,1,5,2,2,3,6,4,9,7
user_0317,5,7,6,7,3,3,3,6,7,6,7
user_0318,4,8,2,7,2,8,4,5,3,9,7
user_0319,10,6,6,5,3,9,10,4,9,7,4
user_0320,4,10,8,6,1,10,2,10,2,8,7
user_0321,7,8,9,7,2,8,5,6,10,9,7
user_0322,6,7,7,9,5,9,7,6,4,7,6
user_0323,4,8,9,10,5,9,4,5,8,8,7
user_0324,5,3,5,10,3,3,6,8,5,7,5
user_0325,10,10,5,7,4,8,10,6,6,6,9
user_0326,6,7,7,10,5,5,6,5,5,8,4
user_0327,5,8,2,7,4,4,8,6,3,8,7
user_0328,5,6,5,7,2,5,8,9,4,8,7
user_0329,4,8,1,7,1,9,8,7,3,7,8
user_0330,8,3,8,9,3,4,4,9,5,5,5
user_0331,7,6,9,4,5,8,8,8,9,10,8
user_0332,6,8,7,4,4,5,8,7,2,9,3
user_0333,9,3,4,7,7,5,9,4,6,3,4
user_0334,8,5,10,6,6,6,4,5,8,8,5
user_0335,6,8,3,8,2,2,7,8,7,10,8
user_0336,8,4,7,7,5,3,8,5,3,5,7
user_0337,7,2,4,4,4,7,10,4,7,5,5
user_0338,9,4,10,8,2,3,8,5,6,6,8
user_0339,10,7,8,7,6,4,9,4,8,7,6
user_0340,5,6,3,5,7,7,5,8,6,10,7
user_0341,6,7,7,8,5,6,2,8,7,6,3
user_0342,3,8,7,5,3,8,4,10,5,7,8
user_0343,5,6,7,9,2,1,7,7,9,7,5
user_0344,9,7,7,6,9,7,10,5,5,3,5
user_0345,6,6,7,10,6,10,4,6,5,6,7
user_0346,9,4,7,5,1,1,10,7,7,6,8
user_0347,8,10,4,7,4,10,3,7,4,7,8
user_0348,5,6,7,7,3,8,4,8,3,8,4
user_0349,7,4,3,5,3,6,7,10,4,6,9
user_0350,6,7,9,5,4,7,9,9,8,7,8
user_0351,7,7,4,6,3,7,3,8,3,8,8
user_0352,6,7,7,4,4,9,5,7,5,10,10
user_0353,6,4,2,8,3,10,4,7,7,5,9
user_0354,10,7,6,5,9,8,10,6,5,4,6
user_0355,9,7,8,5,8,5,9,6,9,3,6
user_0356,5,4,7,10,2,8,5,7,7,6,8
user_0357,8,6,1,7,6,7,8,8,5,8,5
user_0358,6,9,9,6,2,7,7,6,8,6,9
user_0359,10,7,10,4,5,3,8,4,6,7,7
user_0360,7,8,7,3,5,8,7,6,5,8,8
user_0361,7,3,10,7,7,10,7,3,8,2,6
user_0362,5,9,4,7,5,1,6,7,4,10,6
user_0363,3,7,4,9,7,10,4,5,8,4,7
user_0364,5,8,4,8,4,1,5,8,5,8,7
user_0365,7,7,2,5,3,7,6,8,4,9,7
user_0366,9,5,7,5,6,8,9,5,3,5,2
user_0367,8,3,7,7,7,1,7,6,7,4,5
user_0368,8,9,7,7,3,7,7,8,8,9,8
user_0369,5,7,9,7,4,4,5,10,9,9,8
user_0370,6,8,8,10,6,6,5,6,7,8,7
user_0371,8,10,7,4,3,7,7,7,10,8,7
user_0372,4,6,9,2,5,7,6,10,10,7,8
user_0373,8,10,6,3,3,2,7,8,10,6,10
user_0374,7,5,3,9,6,1,5,6,6,6,9
user_0375,8,6,8,6,3,9,9,2,8,8,9
user_0376,7,8,5,5,3,6,5,8,7,8,7
user_0377,9,4,5,8,6,2,9,3,8,5,6
user_0378,7,7,2,4,1,1,6,5,2,4,8
user_0379,5,7,2,4,4,1,5,8,2,8,6
user_0380,9,4,7,6,6,4,8,4,7,3,7
user_0381,3,5,2,6,2,1,6,8,1,8,6
user_0382,3,9,3,7,2,3,2,8,4,8,9
user_0383,8,5,6,7,4,3,10,3,7,6,5
user_0384,5,6,8,6,3,2,5,8,7,5,7
user_0385,4,7,6,4,6,4,6,10,4,8,10
user_0386,5,7,8,7,4,5,5,4,7,5,7
user_0387,5,6,3,5,3,6,4,8,6,8,6
user_0388,6,5,5,4,4,10,10,6,7,2,6
user_0389,5,9,2,5,3,2,5,5,4,9,6
user_0390,7,8,2,3,3,3,7,10,5,8,7
user_0391,6,7,10,4,6,2,6,9,6,8,9
user_0392,2,9,6,5,1,1,4,8,5,10,8
user_0393,9,8,8,3,3,10,6,9,9,6,7
user_0394,10,8,9,7,5,7,10,7,6,5,8
user_0395,6,8,6,5,4,4,7,7,7,6,8
user_0396,8,6,7,6,4,10,7,7,3,9,6
user_0397,8,8,8,7,4,4,10,6,5,9,5
user_0398,7,6,4,6,5,5,8,8,6,8,8
user_0399,8,10,8,4,4,10,2,8,3,10,9
user_0400,3,7,1,7,1,2,6,4,3,10,7
user_0401,4,7,4,6,1,10,6,3,3,7,7
user_0402,6,5,2,6,3,1,5,7,5,7,8
user_0403,10,5,6,7,2,9,6,6,8,10,6
user_0404,7,4,5,4,3,6,7,7,6,6,8
user_0405,8,9,1,6,6,9,7,9,8,7,6
user_0406,8,6,8,6,3,6,10,8,8,7,7
user_0407,9,8,2,6,3,7,7,8,4,6,5
user_0408,6,6,1,5,3,8,6,7,1,7,8
user_0409,8,6,6,3,6,7,7,9,4,9,7
user_0410,5,10,8,6,5,8,5,8,8,7,7
user_0411,7,4,10,7,4,3,10,5,10,5,6
user_0412,7,5,9,6,7,3,5,6,4,6,8
user_0413,9,5,9,6,5,9,8,4,10,4,4
user_0414,9,6,9,7,4,5,9,5,8,7,6
user_0415,5,10,5,7,1,9,1,9,4,8,7
user_0416,5,9,4,4,5,8,5,8,3,7,7
user_0417,6,7,6,6,4,7,7,6,6,8,8
user_0418,3,7,3,4,3,10,6,7,4,10,8
user_0419,7,7,7,5,3,6,7,10,7,7,8
user_0420,6,8,5,2,1,4,5,9,1,3,7
user_0421,6,6,2,4,4,2,5,8,1,6,9
user_0422,6,7,10,3,4,8,7,10,8,8,10
user_0423,5,6,6,8,3,8,9,7,7,5,5
user_0424,2,10,4,7,1,10,3,10,4,10,8
user_0425,7,7,7,7,5,7,7,6,10,6,7
user_0426,8,8,9,4,4,1,8,6,10,7,9
user_0427,7,6,8,8,4,6,6,7,4,5,5
user_0428,8,4,4,5,2,8,8,4,5,4,5
user_0429,10,2,8,8,4,6,9,4,7,7,5
user_0430,6,7,1,5,5,5,3,6,4,6,9
user_0431,6,5,7,7,2,5,4,7,10,7,8
user_0432,5,6,5,7,3,5,6,7,6,9,8
user_0433,4,8,6,5,2,1,6,8,6,10,8
user_0434,6,7,6,7,4,4,4,6,5,5,8
user_0435,9,8,6,7,4,4,8,7,1,6,7
user_0436,6,6,7,3,5,7,10,6,7,6,5
user_0437,6,5,7,10,4,9,9,6,7,5,6
user_0438,3,7,2,6,5,4,6,4,7,8,9
user_0439,10,6,6,6,4,8,9,4,5,6,6
user_0440,10,7,8,5,6,8,7,4,6,7,5
user_0441,6,8,5,9,4,1,7,6,6,7,5
user_0442,6,7,2,2,5,5,8,8,1,7,10
user_0443,10,3,8,8,4,7,7,5,5,5,6
user_0444,7,2,8,5,4,4,10,7,7,5,6
user_0445,4,8,9,7,1,10,5,6,9,8,5
user_0446,6,7,10,6,5,8,7,6,7,5,7
user_0447,6,10,6,8,3,9,3,10,5,9,7
user_0448,7,9,10,6,5,7,7,7,10,5,6
user_0449,8,6,6,6,4,9,7,6,7,7,6
user_0450,7,6,8,5,5,6,9,6,10,4,9
user_0451,8,3,5,6,4,8,10,7,8,6,7
user_0452,5,9,8,4,3,5,5,7,9,8,9
user_0453,6,9,9,9,5,4,8,5,10,7,8
user_0454,8,9,4,4,6,4,7,8,3,7,5
user_0455,5,10,6,5,4,2,7,7,8,8,8
user_0456,10,7,9,4,4,9,9,4,8,5,6
user_0457,4,10,2,6,5,3,5,9,2,10,7
user_0458,8,4,8,6,4,4,8,3,9,4,4
user_0459,10,4,7,7,4,8,10,7,9,5,8
user_0460,6,8,9,2,3,10,7,7,10,8,6
user_0461,5,9,6,7,2,9,5,7,4,9,9
user_0462,5,5,7,6,4,5,4,10,1,8,8
user_0463,7,10,2,7,5,4,9,6,2,9,6
user_0464,4,7,9,7,2,4,2,8,7,4,10
user_0465,8,8,8,8,4,3,9,5,8,5,8
user_0466,6,8,9,6,5,1,10,7,7,8,9
user_0467,10,5,7,5,6,9,9,5,10,4,6
user_0468,9,2,7,5,7,5,7,6,8,6,5
user_0469,7,7,6,4,3,1,8,6,2,5,7
user_0470,4,9,6,7,3,5,4,9,6,9,8
user_0471,8,3,8,6,5,3,9,8,7,7,7
user_0472,9,6,8,6,5,8,9,9,9,7,6
user_0473,9,8,4,5,4,1,3,8,3,10,6
user_0474,3,8,3,7,4,5,6,7,5,6,6
user_0475,6,7,7,9,7,8,5,7,5,5,6
user_0476,7,6,6,8,4,6,6,4,8,6,5
user_0477,7,6,8,7,4,1,9,3,6,6,4
user_0478,7,6,9,6,1,8,8,7,10,6,10
user_0479,8,8,1,4,9,2,7,9,3,4,7
user_0480,5,6,6,9,4,8,4,7,4,3,5
user_0481,8,7,1,4,4,10,5,6,4,10,7
user_0482,10,3,8,4,5,1,9,7,6,6,7
user_0483,8,4,5,6,5,3,9,5,8,6,7
user_0484,7,6,4,6,1,10,6,7,2,10,8
user_0485,5,8,10,5,5,2,7,4,8,7,7
user_0486,5,8,7,7,7,2,10,6,8,5,6
user_0487,4,7,3,4,3,7,2,9,4,9,8
user_0488,9,10,3,7,3,10,3,6,5,7,6
user_0489,7,10,2,6,4,10,5,6,6,8,7
user_0490,7,3,6,6,4,9,8,2,5,6,5
user_0491,5,5,5,8,5,8,7,6,5,7,8
user_0492,5,8,8,9,3,5,6,8,6,9,5
user_0493,8,8,4,8,4,10,5,7,4,6,8
user_0494,7,3,9,10,4,5,6,7,8,8,9
user_0495,5,8,5,5,6,10,6,7,2,8,7
user_0496,8,9,5,7,5,10,5,7,5,7,6
user_0497,9,4,7,6,4,2,9,4,9,5,4
user_0498,8,7,2,2,1,4,3,10,4,8,10
user_0499,8,7,8,5,5,4,10,5,8,6,3
user_0500,3,9,8,6,3,2,6,9,10,9,9
user_0501,8,4,4,6,7,4,7,6,7,3,6
user_0502,10,6,7,6,6,9,8,1,10,5,5
user_0503,7,6,3,3,8,3,6,6,3,9,6
user_0504,6,9,5,6,6,7,10,10,2,10,6
user_0505,6,4,6,7,6,10,7,3,6,8,7
user_0506,7,7,7,8,3,5,4,8,7,6,7
user_0507,7,9,3,3,6,4,7,8,6,7,6
user_0508,5,7,9,3,4,5,7,8,10,8,5
user_0509,8,6,8,4,6,8,10,5,8,6,8
user_0510,5,6,1,8,4,4,7,9,2,6,6
user_0511,8,8,9,6,4,10,7,6,9,6,7
user_0512,9,9,7,3,4,4,10,8,7,3,5
user_0513,3,6,6,8,6,2,4,6,6,7,6
user_0514,5,10,5,7,1,4,5,9,6,7,8
user_0515,9,6,9,5,6,3,10,5,7,7,6
user_0516,10,6,9,5,2,3,6,8,10,7,9
user_0517,8,4,3,6,6,1,9,7,3,6,8
user_0518,9,3,6,5,6,5,10,3,4,4,5
user_0519,5,8,4,7,5,10,2,8,5,7,5
user_0520,6,7,9,5,1,8,6,9,8,6,6
user_0521,7,7,4,7,8,8,9,9,3,6,6
user_0522,10,4,7,6,5,5,10,6,7,5,8
user_0523,10,6,7,4,9,7,8,5,8,6,5
user_0524,9,8,7,5,4,9,10,5,10,8,6
user_0525,4,7,6,7,5,8,4,8,2,10,7
user_0526,4,6,6,6,3,2,4,6,5,4,3
user_0527,6,7,5,7,5,1,3,10,4,6,6
user_0528,7,10,5,10,4,6,7,4,5,5,6
user_0529,4,9,6,7,6,5,5,7,7,8,6
user_0530,10,8,1,4,6,2,7,8,5,9,6
user_0531,8,4,8,7,5,10,10,4,5,3,7
user_0532,4,10,3,7,3,1,4,6,4,8,7
user_0533,6,6,5,6,4,5,5,7,4,8,10
user_0534,4,8,5,8,2,1,4,8,3,8,6
user_0535,4,8,1,5,3,3,8,7,1,5,7
user_0536,6,7,7,10,4,9,7,4,5,4,7
user_0537,9,6,8,4,4,8,7,8,7,5,4
user_0538,5,6,7,5,4,3,8,10,5,8,8
user_0539,4,8,3,9,5,7,5,10,2,7,10
user_0540,8,6,8,6,2,8,10,6,9,3,6
user_0541,6,7,4,6,3,8,8,5,5,7,5
user_0542,6,7,7,7,2,7,7,7,6,7,9
user_0543,7,6,10,5,3,6,7,9,8,6,10
user_0544,8,5,8,5,6,2,9,5,9,6,7
user_0545,5,7,2,5,5,3,5,5,6,8,10
user_0546,6,8,10,4,5,7,9,7,8,6,8
user_0547,9,6,9,4,2,8,9,6,8,5,6
user_0548,9,8,8,5,3,7,9,7,8,7,6
user_0549,8,8,4,6,1,9,7,8,4,6,8
user_0550,7,9,3,9,5,8,6,7,3,4,4
user_0551,9,8,4,3,4,6,9,6,1,7,7
user_0552,7,9,9,6,5,6,4,8,9,6,10
user_0553,6,7,5,5,3,7,7,9,4,7,7
user_0554,7,6,5,6,3,9,9,6,3,6,6
user_0555,8,10,5,5,3,1,3,10,4,7,6
user_0556,8,6,7,6,4,9,7,6,9,5,5
user_0557,4,6,6,10,5,7,7,8,8,7,8
user_0558,7,7,3,5,3,4,5,6,4,5,6
user_0559,7,10,7,7,5,6,3,8,1,10,5
user_0560,4,8,3,7,5,8,2,9,4,9,7
user_0561,9,5,7,7,5,8,10,4,7,7,6
user_0562,6,10,5,6,3,1,2,7,3,8,8
user_0563,8,2,5,7,8,5,8,5,8,3,5
user_0564,3,10,5,7,2,3,6,10,3,8,7
user_0565,8,7,4,8,5,8,4,7,10,10,6
user_0566,9,6,7,7,3,8,8,7,7,8,8
user_0567,7,6,4,3,4,1,5,9,5,5,4
user_0568,10,6,7,10,3,10,10,6,10,6,7
user_0569,4,7,2,6,3,4,3,9,3,6,8
user_0570,10,3,8,4,7,3,10,5,6,5,6
user_0571,6,7,9,5,3,9,3,9,9,6,5
user_0572,8,6,5,6,5,9,7,8,3,8,9
user_0573,5,9,5,8,4,2,4,3,6,7,7
user_0574,8,5,8,6,5,2,8,5,9,4,5
user_0575,6,5,7,6,2,2,6,6,7,6,8
user_0576,9,4,10,3,4,3,8,6,7,5,5
user_0577,6,7,5,6,5,5,5,7,6,7,9
user_0578,7,8,6,5,4,5,3,9,4,9,6
user_0579,4,5,7,10,4,8,6,6,9,4,6
user_0580,3,3,7,9,4,4,5,10,6,7,7
user_0581,6,6,6,10,6,9,6,3,6,10,7
user_0582,10,7,7,5,2,7,10,3,7,3,6
user_0583,9,5,5,8,5,10,6,4,7,5,3
user_0584,4,8,3,8,4,3,4,6,7,7,8
user_0585,6,6,1,2,5,2,5,10,2,6,8
user_0586,7,7,9,4,1,7,4,4,8,7,8
user_0587,8,9,8,3,3,9,6,7,7,7,8
user_0588,6,8,9,4,5,1,5,5,9,6,7
user_0589,3,10,10,3,1,5,9,6,7,4,8
user_0590,5,9,1,3,4,10,7,5,5,8,6
user_0591,4,5,4,8,2,8,4,8,1,10,9
user_0592,6,7,5,6,3,3,4,9,1,8,9
user_0593,7,7,7,9,2,9,4,8,7,8,6
user_0594,4,5,7,5,7,6,6,8,4,8,3
user_0595,5,9,9,3,4,9,8,7,10,5,10
user_0596,6,8,2,7,4,9,7,7,4,7,4
user_0597,4,10,7,6,7,8,6,8,8,7,7
user_0598,8,8,10,2,4,4,6,10,9,8,7
user_0599,8,8,10,6,7,4,9,4,8,6,7
user_0600,5,9,3,7,5,7,5,10,3,9,9
user_0601,7,4,5,6,5,7,10,4,4,6,7
user_0602,7,8,4,7,5,6,6,10,4,7,5
user_0603,10,6,10,5,4,8,10,7,5,3,7
user_0604,7,5,8,4,2,7,10,7,5,7,5
user_0605,7,8,10,8,5,3,5,7,9,4,8
user_0606,8,8,6,10,5,1,8,7,8,10,6
user_0607,9,6,6,10,6,9,8,3,8,6,6
user_0608,5,6,5,7,6,6,3,7,3,6,5
user_0609,8,8,5,6,3,2,5,7,1,8,8
user_0610,7,8,3,4,4,8,7,6,4,8,9
user_0611,7,8,2,6,3,9,9,10,2,8,8
user_0612,7,5,7,7,4,1,4,8,5,7,7
user_0613,9,6,6,6,7,3,8,7,10,4,9
user_0614,6,6,9,9,3,3,4,8,6,7,5
user_0615,7,7,3,7,5,8,7,8,3,5,6
user_0616,8,6,2,4,5,5,6,7,2,8,10
user_0617,7,9,7,3,6,10,6,9,8,7,7
user_0618,8,6,7,4,5,7,9,5,6,8,5
user_0619,10,5,5,8,4,2,8,6,9,5,5
user_0620,7,6,2,7,1,6,5,5,3,7,8
user_0621,5,6,7,8,2,9,8,7,4,7,8
user_0622,7,7,6,7,3,6,3,7,5,6,4
user_0623,10,5,7,8,5,8,9,3,8,7,7
user_0624,6,7,3,2,3,9,7,7,4,6,7
user_0625,7,6,5,7,4,10,8,8,4,5,5
user_0626,7,7,7,6,4,4,4,10,1,6,7
user_0627,10,7,7,6,4,5,10,6,9,7,6
user_0628,8,6,6,5,5,2,9,6,6,3,5
user_0629,6,7,8,10,4,2,5,5,8,9,7
user_0630,5,10,4,6,2,2,7,6,2,7,8
user_0631,5,4,8,10,2,3,7,5,8,6,6
user_0632,9,7,6,6,6,5,10,9,7,7,7
user_0633,9,7,3,7,4,1,5,7,4,10,6
user_0634,8,5,8,5,3,1,7,9,8,8,8
user_0635,5,7,8,5,4,6,7,7,10,6,9
user_0636,10,6,6,7,1,7,6,10,6,5,10
user_0637,10,6,6,8,8,4,10,4,3,3,6
user_0638,4,8,6,8,3,7,6,9,5,10,7
user_0639,8,6,4,6,4,3,6,8,2,10,6
user_0640,6,4,4,6,4,3,10,5,5,6,8
user_0641,8,6,3,6,5,10,10,7,4,7,6
user_0642,6,7,1,6,4,7,4,6,6,8,8
user_0643,3,7,6,7,3,4,5,7,7,10,8
user_0644,5,3,4,6,5,10,5,4,6,7,6
user_0645,6,4,4,8,7,4,7,3,6,1,5
user_0646,5,8,5,8,2,5,4,5,8,5,6
user_0647,5,5,6,9,3,5,7,5,6,7,7
user_0648,10,5,8,2,2,1,10,7,6,5,6
user_0649,7,4,2,5,5,8,9,7,1,8,6
user_0650,7,6,10,6,2,9,7,9,10,7,8
user_0651,10,3,7,4,7,2,8,6,7,3,3
user_0652,8,8,5,8,5,6,4,9,7,2,6
user_0653,4,8,4,8,5,5,5,8,4,9,9
user_0654,10,6,10,7,3,7,10,4,9,5,8
user_0655,10,1,5,5,5,5,9,3,6,6,6
user_0656,5,8,7,7,4,5,3,6,8,8,4
user_0657,8,7,6,9,5,7,10,7,6,5,4
user_0658,5,6,7,5,4,8,7,7,2,8,10
user_0659,7,8,3,3,7,4,8,10,3,6,6
user_0660,5,5,9,8,2,10,7,6,6,4,4
user_0661,5,8,10,6,3,10,4,6,9,6,7
user_0662,8,9,7,9,5,5,6,9,10,5,8
user_0663,4,8,4,5,4,7,4,8,6,7,6
user_0664,4,8,8,4,2,1,6,8,7,7,8
user_0665,3,10,3,5,2,1,7,9,3,10,7
user_0666,5,8,3,7,3,8,7,7,7,8,7
user_0667,7,7,5,1,2,5,4,6,3,8,6
user_0668,6,7,4,6,5,4,7,8,2,7,8
user_0669,4,9,6,6,4,6,5,8,3,6,9
user_0670,9,3,6,7,6,4,7,6,8,3,7
user_0671,6,8,1,4,3,5,3,8,5,10,8
user_0672,10,8,10,6,2,3,10,7,7,8,5
user_0673,10,7,8,2,4,2,10,4,7,4,4
user_0674,10,4,8,4,5,1,10,7,8,10,8
user_0675,4,7,6,3,2,8,5,6,9,7,8
user_0676,9,6,3,6,2,10,4,8,4,10,6
user_0677,8,7,9,8,1,3,7,10,9,10,8
user_0678,7,8,1,4,3,5,9,9,4,9,7
user_0679,8,8,9,5,5,7,6,9,7,6,6
user_0680,8,4,8,6,5,4,10,7,9,4,4
user_0681,7,3,3,9,4,9,8,3,8,4,7
user_0682,7,5,7,2,1,9,7,5,6,7,8
user_0683,7,10,3,7,5,5,4,6,4,8,8
user_0684,6,6,2,6,4,3,4,9,1,7,8
user_0685,6,7,10,4,7,8,7,8,9,10,9
user_0686,4,6,4,3,4,5,8,8,3,7,6
user_0687,8,8,10,6,4,6,10,7,6,5,8
user_0688,6,8,1,5,1,2,4,8,2,7,10
user_0689,6,6,5,8,5,2,4,4,9,6,7
user_0690,10,10,5,7,4,4,8,3,5,4,8
user_0691,7,8,4,5,3,7,6,6,3,6,9
user_0692,2,10,2,7,5,9,4,6,7,10,8
user_0693,7,7,9,4,1,2,5,8,7,7,9
user_0694,4,9,4,5,5,7,6,10,3,7,9
user_0695,7,9,5,7,2,5,9,5,5,7,5
user_0696,3,10,2,5,2,2,2,9,7,10,7
user_0697,7,7,7,8,5,6,6,6,6,6,5
user_0698,8,5,10,7,7,5,10,6,9,8,9
user_0699,3,10,4,5,2,7,4,6,8,8,8
user_0700,6,9,5,7,3,6,5,9,3,7,7
user_0701,9,5,5,5,6,4,9,10,6,10,4
user_0702,6,7,8,10,4,1,6,6,5,8,6
user_0703,8,6,4,7,5,9,5,9,3,7,7
user_0704,4,7,9,4,6,10,8,5,7,4,9
user_0705,10,4,7,4,7,2,8,5,6,3,7
user_0706,10,6,9,6,5,8,7,5,7,8,5
user_0707,10,6,6,6,5,5,8,5,7,8,10
user_0708,10,4,5,7,6,7,10,7,10,6,7
user_0709,8,9,2,5,4,3,4,8,1,8,5
user_0710,7,10,1,7,6,1,5,10,3,6,9
user_0711,6,7,9,5,4,8,6,5,8,4,7
user_0712,6,8,5,4,6,2,7,10,3,6,5
user_0713,8,3,6,6,8,9,6,5,7,5,4
user_0714,8,4,7,7,5,7,9,4,6,4,3
user_0715,1,7,7,6,5,6,6,7,3,9,8
user_0716,10,7,6,6,4,9,6,7,6,4,7
user_0717,6,6,7,6,3,10,5,9,6,8,6
user_0718,9,5,7,6,7,3,10,7,6,5,8
user_0719,6,6,8,7,5,2,7,3,10,6,10
user_0720,6,8,3,7,5,8,6,8,3,10,10
user_0721,5,9,6,5,1,7,5,9,7,7,6
user_0722,10,7,7,5,4,1,7,7,10,6,10
user_0723,10,2,7,10,4,6,8,5,7,6,6
user_0724,7,7,7,8,5,8,10,4,7,3,7
user_0725,7,6,5,8,6,4,5,6,7,4,9
user_0726,6,6,5,7,5,6,8,7,4,7,4
user_0727,10,8,4,8,4,6,7,9,4,8,8
user_0728,2,9,6,6,6,6,3,7,4,8,6
user_0729,6,10,6,5,6,7,6,9,5,9,7
user_0730,2,7,8,4,4,4,6,6,7,6,6
user_0731,7,7,3,6,5,8,3,9,6,6,8
user_0732,7,6,4,3,3,4,10,6,5,8,9
user_0733,10,5,7,6,5,10,10,7,8,3,7
user_0734,10,9,7,8,5,1,8,7,1,8,5
user_0735,5,8,5,4,3,6,4,6,2,6,5
user_0736,7,5,6,8,7,3,10,5,6,3,3
user_0737,4,8,5,5,5,10,7,10,3,6,8
user_0738,9,5,6,4,6,2,10,5,7,5,5
user_0739,7,8,3,4,3,9,6,7,4,8,6
user_0740,10,5,5,6,6,10,6,7,7,5,3
user_0741,8,5,6,6,4,4,10,4,8,2,4
user_0742,8,8,8,6,7,3,4,9,7,7,8
user_0743,5,7,2,7,1,10,6,7,2,8,10
user_0744,8,5,4,4,4,5,8,6,3,5,6
user_0745,8,10,4,7,1,3,8,9,3,9,8
user_0746,8,5,5,8,4,9,7,3,8,4,8
user_0747,6,7,7,4,7,3,5,7,8,7,7
user_0748,9,7,2,7,4,1,10,4,4,10,7
user_0749,8,5,6,6,5,1,8,6,7,5,4
user_0750,6,6,8,6,2,4,6,7,10,3,8
user_0751,7,9,6,7,2,6,1,9,3,7,8
user_0752,10,10,4,5,3,3,8,10,3,4,5
user_0753,8,5,9,6,3,1,5,9,8,5,10
user_0754,10,5,7,6,5,7,7,4,3,3,6
user_0755,5,8,6,9,5,2,5,9,3,10,5
user_0756,10,8,5,4,6,2,10,7,7,4,7
user_0757,3,5,8,10,5,8,3,6,5,8,7
user_0758,4,8,3,8,2,6,3,4,3,7,10
user_0759,6,10,4,9,4,10,3,7,6,9,7
user_0760,6,8,2,5,7,8,7,5,2,9,6
user_0761,4,8,5,5,4,4,3,7,4,8,8
user_0762,5,3,3,6,6,1,3,9,7,7,7
user_0763,8,5,6,4,9,9,10,7,8,3,6
user_0764,8,6,10,7,6,8,6,6,8,10,10
user_0765,6,6,7,6,6,1,9,3,10,4,8
user_0766,9,7,3,6,6,8,7,10,1,9,8
user_0767,8,8,2,6,5,7,6,6,3,7,8
user_0768,7,3,7,8,3,2,4,6,1,5,8
user_0769,6,5,6,10,6,8,7,6,7,6,7
user_0770,8,7,6,5,5,2,10,9,1,8,5
user_0771,8,6,8,7,2,10,6,10,8,6,9
user_0772,9,3,6,7,7,2,10,3,8,4,7
user_0773,8,7,7,7,8,5,6,3,4,5,5
user_0774,7,9,4,7,4,10,2,10,5,9,7
user_0775,6,8,4,7,4,6,3,10,5,10,5
user_0776,6,7,8,7,5,10,6,5,10,4,8
user_0777,6,10,3,7,6,5,4,10,2,10,6
user_0778,7,6,6,9,6,9,6,8,5,6,8
user_0779,4,10,5,10,4,7,5,9,4,8,6
user_0780,8,6,2,5,5,2,9,5,3,8,9
user_0781,4,6,2,6,3,9,5,8,6,10,10
user_0782,10,5,8,5,5,4,10,5,6,5,6
user_0783,6,8,6,9,6,8,7,6,6,7,8
user_0784,8,6,7,6,6,7,7,6,6,4,6
user_0785,6,7,9,5,6,8,9,6,9,7,8
user_0786,9,6,7,9,3,7,4,5,5,2,6
user_0787,10,6,5,5,4,2,8,7,9,4,5
user_0788,9,10,10,4,8,7,6,7,9,7,7
user_0789,5,7,10,5,4,5,7,9,6,8,8
user_0790,7,9,7,4,1,3,6,9,8,5,8
user_0791,7,4,8,4,6,8,9,6,7,7,5
user_0792,8,8,3,6,4,2,8,7,3,6,6
user_0793,7,9,2,7,3,2,6,6,4,8,10
user_0794,8,10,3,8,4,7,9,4,7,10,7
user_0795,5,8,1,6,5,6,6,9,5,9,6
user_0796,3,9,3,3,6,3,9,7,7,8,8
user_0797,4,10,3,8,3,1,4,10,4,8,6
user_0798,7,9,4,6,4,9,5,7,6,9,10
user_0799,3,8,4,9,4,6,3,9,4,9,7
user_0800,10,5,10,7,3,2,10,6,6,8,3
user_0801,5,6,6,10,6,6,6,7,9,6,5
user_0802,5,8,3,5,3,7,8,6,2,10,6
user_0803,2,7,1,4,1,1,5,6,4,5,7
user_0804,6,10,10,7,3,10,9,5,6,7,4
user_0805,6,7,6,7,5,6,8,7,7,6,7
user_0806,6,6,3,5,4,10,8,8,3,8,8
user_0807,5,9,2,8,2,4,5,10,6,9,8
user_0808,10,6,6,5,2,8,9,4,8,5,3
user_0809,7,6,6,8,3,2,9,2,6,5,6
user_0810,5,9,8,5,4,9,10,9,10,8,7
user_0811,3,6,8,3,2,2,4,7,10,9,7
user_0812,4,5,1,4,2,5,5,6,4,7,7
user_0813,6,7,5,6,3,4,6,10,3,8,7
user_0814,5,8,4,8,1,7,5,6,4,5,7
user_0815,5,6,1,5,5,9,5,8,6,8,8
user_0816,6,7,3,3,5,10,5,8,2,8,9
user_0817,4,10,6,6,1,9,9,10,6,7,8
user_0818,7,9,4,4,4,10,9,10,6,9,7
user_0819,5,6,7,6,5,5,8,6,8,7,5
user_0820,8,7,3,6,5,3,9,8,7,10,6
user_0821,1,9,8,4,3,5,6,8,6,6,7
user_0822,7,8,7,4,3,6,7,10,5,7,9
user_0823,5,9,4,6,6,3,7,7,7,7,5
user_0824,6,5,1,5,5,3,7,9,2,10,9
user_0825,5,8,4,9,2,7,2,9,4,10,6
user_0826,7,6,1,4,5,3,10,9,4,7,6
user_0827,9,8,7,5,1,1,9,7,6,4,5
user_0828,5,9,3,5,3,9,8,10,5,6,5
user_0829,8,7,8,2,4,7,10,5,5,4,8
user_0830,5,10,8,10,6,8,7,9,7,6,5
user_0831,9,7,7,6,5,3,8,5,10,7,8
user_0832,5,10,9,4,5,5,8,7,10,6,8
user_0833,6,4,10,8,5,6,10,5,7,6,7
user_0834,5,9,4,7,5,10,6,6,1,8,8
user_0835,5,8,8,5,1,2,5,8,5,9,6
user_0836,5,7,4,7,8,3,9,7,2,7,7
user_0837,9,5,5,6,7,10,9,5,7,7,5
user_0838,7,6,4,2,4,2,7,5,2,9,6
user_0839,7,8,9,7,4,8,4,10,9,7,9
user_0840,10,5,10,5,3,7,10,7,8,7,7
user_0841,6,8,7,8,7,10,2,10,4,6,7
user_0842,5,8,5,9,4,7,6,6,7,6,7
user_0843,7,9,8,4,4,4,6,9,7,5,8
user_0844,4,7,3,7,3,9,6,8,4,7,7
user_0845,6,10,3,4,5,6,6,8,7,6,6
user_0846,3,7,5,8,3,2,7,8,7,5,4
user_0847,5,4,9,4,5,10,6,8,10,6,8
user_0848,5,9,6,8,5,9,5,7,4,10,9
user_0849,9,5,10,4,7,5,10,6,6,6,8
user_0850,9,6,3,5,3,4,9,8,5,5,5
user_0851,9,6,9,8,2,10,5,8,5,6,6
user_0852,8,8,4,6,4,1,8,6,5,7,5
user_0853,8,5,6,5,3,5,7,4,7,6,6
user_0854,7,2,7,9,7,3,10,5,9,5,5
user_0855,5,5,2,5,4,5,8,8,5,7,8
user_0856,5,6,9,6,5,6,7,7,10,7,6
user_0857,7,9,5,6,1,1,8,9,4,8,9
user_0858,4,7,7,10,4,7,6,7,5,3,6
user_0859,9,4,4,7,5,3,9,7,3,3,6
user_0860,8,4,9,9,4,9,5,6,8,5,6
user_0861,9,4,10,6,5,4,10,3,10,2,8
user_0862,4,9,5,6,3,9,3,6,6,10,5
user_0863,4,9,3,7,5,6,6,7,5,8,9
user_0864,6,7,6,7,3,7,6,9,2,8,7
user_0865,8,6,5,6,4,1,3,4,3,8,9
user_0866,4,7,7,8,6,1,4,6,9,7,6
user_0867,9,4,8,10,4,2,7,5,5,7,5
user_0868,7,10,3,7,3,6,7,8,4,8,10
user_0869,3,9,2,8,5,7,5,7,7,10,7
user_0870,5,9,5,6,3,7,6,10,2,8,9
user_0871,10,5,5,6,7,7,10,6,8,8,8
user_0872,6,7,7,5,5,2,7,8,9,8,9
user_0873,5,7,7,9,4,1,5,10,8,7,7
user_0874,6,7,9,3,1,3,6,8,8,10,10
user_0875,4,10,4,7,7,10,4,7,3,5,8
user_0876,7,7,7,8,4,6,7,6,7,7,4
user_0877,9,6,2,6,4,7,7,9,4,8,5
user_0878,5,10,2,6,6,2,3,7,5,9,8
user_0879,7,6,8,5,4,7,9,5,6,6,7
user_0880,1,8,5,6,2,7,2,8,6,10,6
user_0881,3,7,5,7,4,2,1,7,4,9,6
user_0882,6,7,7,10,5,5,6,6,7,7,6
user_0883,10,8,8,5,6,6,7,4,8,6,8
user_0884,8,4,6,8,7,6,8,4,4,7,5
user_0885,4,9,3,5,4,3,4,7,4,7,6
user_0886,10,6,1,2,4,9,7,8,4,5,9
user_0887,10,6,7,3,5,2,10,6,6,6,9
user_0888,6,9,2,6,4,9,4,8,3,9,8
user_0889,5,4,8,6,8,6,9,5,6,4,6
user_0890,6,8,7,4,2,3,10,8,9,6,7
user_0891,8,5,5,7,5,2,7,6,4,5,4
user_0892,7,3,6,7,5,5,9,7,6,2,4
user_0893,10,5,5,6,4,3,9,2,6,3,5
user_0894,4,9,5,5,4,3,4,7,8,9,8
user_0895,8,10,3,6,2,2,5,7,4,8,7
user_0896,9,3,5,6,5,8,10,3,6,6,6
user_0897,6,6,7,8,6,10,3,6,7,7,4
user_0898,5,10,3,7,5,10,4,8,3,8,8
user_0899,5,9,6,10,4,10,8,5,6,9,7
user_0900,10,7,7,3,4,10,10,7,10,4,5
user_0901,8,9,9,3,3,6,5,7,10,8,6
user_0902,9,3,3,7,5,8,7,2,5,4,5
user_0903,8,10,2,7,5,8,9,7,5,8,8
user_0904,5,6,7,7,4,5,6,7,9,8,7
user_0905,6,8,4,3,3,5,3,9,3,7,6
user_0906,5,7,4,6,1,1,3,8,4,6,6
user_0907,6,8,9,4,4,9,6,6,9,10,6
user_0908,9,7,1,8,8,5,10,7,2,6,9
user_0909,5,9,6,9,7,8,5,10,9,6,7
user_0910,9,7,2,7,6,1,8,6,2,8,7
user_0911,6,9,10,8,2,5,6,9,9,10,7
user_0912,10,8,5,5,5,2,9,10,5,7,4
user_0913,1,6,6,7,4,10,5,9,3,9,6
user_0914,6,10,5,7,1,7,4,8,6,8,6
user_0915,5,6,7,8,4,10,3,6,6,6,6
user_0916,5,9,6,7,3,1,4,9,5,10,6
user_0917,5,6,8,10,6,10,5,5,5,7,6
user_0918,8,6,8,4,6,4,9,7,7,4,7
user_0919,6,7,8,6,3,10,6,5,9,7,5
user_0920,4,4,7,9,3,9,3,9,9,3,7
user_0921,10,4,6,6,4,1,6,6,4,5,4
user_0922,3,5,8,9,4,2,7,8,7,5,7
user_0923,6,7,5,3,1,6,6,7,3,5,7
user_0924,9,6,8,5,6,2,8,6,5,4,8
user_0925,6,8,4,5,3,3,3,9,3,10,10
user_0926,6,10,3,4,5,4,7,6,2,10,7
user_0927,7,8,8,4,3,8,10,5,5,8,7
user_0928,8,8,5,10,4,9,3,6,7,6,7
user_0929,6,9,3,8,4,10,1,9,5,9,6
user_0930,7,5,4,7,8,6,7,3,5,5,7
user_0931,7,9,9,3,5,5,8,9,9,8,6
user_0932,8,5,8,8,4,7,3,6,5,6,8
user_0933,5,7,4,3,1,6,6,6,5,8,7
user_0934,10,5,7,7,5,10,9,8,7,6,6
user_0935,6,8,6,6,5,6,7,8,5,8,7
user_0936,8,8,2,6,1,6,8,8,5,7,6
user_0937,10,10,3,6,6,9,5,7,6,9,6
user_0938,7,5,7,6,3,7,8,2,9,5,6
user_0939,6,6,7,4,2,5,7,6,10,9,6
user_0940,9,8,7,5,5,10,10,6,7,5,6
user_0941,7,7,1,5,4,3,8,6,3,7,5
user_0942,6,6,9,5,2,2,5,10,9,8,8
user_0943,5,9,5,7,5,3,5,7,4,6,4
user_0944,8,6,8,5,6,5,4,8,8,9,8
user_0945,7,5,6,6,7,7,7,4,7,5,5
user_0946,8,5,6,7,7,10,7,6,7,6,6
user_0947,10,5,7,6,5,2,8,8,5,4,7
user_0948,7,10,6,5,1,9,7,8,10,8,6
user_0949,6,6,4,9,2,6,7,6,8,6,6
user_0950,6,7,3,6,2,3,4,9,5,8,5
user_0951,9,7,8,4,7,9,10,5,9,5,5
user_0952,4,6,5,5,5,7,5,10,5,7,7
user_0953,6,10,6,10,2,6,3,7,5,9,8
user_0954,9,9,1,5,6,6,7,6,5,6,7
user_0955,7,7,10,5,6,3,6,9,10,7,10
user_0956,9,5,7,6,5,6,10,2,8,4,6
user_0957,5,6,4,8,4,8,6,6,4,10,8
user_0958,8,4,6,2,6,4,7,2,8,3,6
user_0959,10,2,4,7,7,3,6,5,7,1,4
user_0960,9,7,5,7,5,5,7,6,3,8,7
user_0961,2,9,4,5,5,2,8,3,4,5,7
user_0962,5,9,4,4,3,9,5,10,3,10,8
user_0963,6,7,4,7,2,9,4,8,7,6,4
user_0964,10,7,3,4,4,6,5,7,6,7,7
user_0965,3,8,4,6,3,10,5,8,3,8,7
user_0966,10,6,7,9,6,10,10,5,4,6,5
user_0967,5,7,6,9,4,3,7,6,6,5,6
user_0968,9,5,5,4,6,3,10,3,9,5,6
user_0969,5,5,5,4,2,10,7,5,1,7,7
user_0970,6,7,7,5,3,3,4,8,4,9,10
user_0971,9,6,8,6,5,8,8,8,9,3,8
user_0972,6,9,2,5,5,7,7,8,2,8,7
user_0973,6,8,9,6,2,4,6,8,6,7,7
user_0974,4,8,8,7,7,10,5,7,6,8,6
user_0975,5,6,6,6,4,8,7,7,7,6,6
user_0976,8,5,5,7,5,9,10,6,6,4,6
user_0977,6,3,7,7,6,5,8,6,7,6,8
user_0978,1,8,1,5,3,8,8,8,4,9,7
user_0979,5,9,2,6,1,4,6,8,6,5,8
user_0980,8,8,9,4,3,10,8,7,9,7,9
user_0981,7,7,10,7,6,8,4,7,8,3,7
user_0982,5,6,4,7,3,5,6,8,4,6,6
user_0983,6,8,2,5,3,7,3,5,3,8,8
user_0984,3,7,4,6,7,9,6,10,6,7,9
user_0985,4,9,6,7,4,3,5,7,7,5,5
user_0986,5,7,5,5,3,4,6,6,3,8,4
user_0987,6,8,4,4,4,10,5,8,4,8,8
user_0988,9,3,6,9,6,5,8,7,4,3,3
user_0989,8,7,2,6,5,8,6,7,3,8,8
user_0990,7,9,3,5,3,6,4,7,3,10,6
user_0991,6,9,3,6,5,2,3,9,8,10,5
user_0992,10,7,6,7,5,9,10,7,7,5,6
user_0993,4,8,1,7,4,2,5,6,3,9,7
user_0994,5,6,9,4,4,2,7,8,10,6,10
user_0995,5,10,7,8,3,3,3,4,3,7,6
user_0996,8,8,7,4,4,8,8,8,7,8,7
user_0997,3,7,6,6,6,3,5,8,4,9,9
user_0998,4,9,5,6,6,7,5,10,2,6,10
user_0999,7,7,4,6,3,4,7,7,1,6,8
user_1000,8,8,4,3,5,8,7,5,2,8,7
