user_id,salary_importance,work_life_balance,job_security,career_growth,social_impact,autonomy,prestige,variety
user_0001,4,6,5,7,10,6,5,6
user_0002,8,4,6,7,2,5,8,5
user_0003,4,8,8,6,7,4,7,4
user_0004,9,5,6,6,2,5,8,5
user_0005,6,7,7,4,5,3,6,5
user_0006,6,4,4,9,6,7,7,8
user_0007,5,7,4,7,8,5,2,7
user_0008,5,6,7,4,6,6,5,7
user_0009,4,7,8,5,6,3,5,2
user_0010,9,4,6,6,3,4,8,3
user_0011,6,5,6,8,9,7,3,5
user_0012,6,9,6,4,3,5,4,7
user_0013,9,4,5,6,5,6,5,4
user_0014,4,6,6,6,8,8,3,8
user_0015,8,4,5,7,4,6,7,3
user_0016,8,8,4,5,5,8,4,5
user_0017,6,7,4,5,5,8,2,7
user_0018,3,5,7,5,8,7,3,6
user_0019,6,9,5,5,4,5,5,5
user_0020,5,6,7,7,4,5,5,7
user_0021,7,3,6,6,1,6,9,5
user_0022,3,6,7,7,9,7,3,6
user_0023,5,8,10,6,4,4,6,4
user_0024,5,10,2,5,6,10,3,7
user_0025,7,7,6,6,6,7,6,6
user_0026,6,9,4,7,5,10,5,6
user_0027,6,7,8,5,6,3,4,3
user_0028,6,5,10,5,7,3,3,4
user_0029,7,5,4,9,6,6,7,6
user_0030,8,2,4,7,5,5,6,5
user_0031,10,3,5,7,5,5,6,5
user_0032,9,4,5,7,4,5,8,3
user_0033,5,6,5,6,9,7,4,6
user_0034,6,8,6,5,5,6,4,5
user_0035,7,8,6,6,6,6,5,7
user_0036,6,4,6,9,7,7,6,8
user_0037,5,8,3,5,5,8,4,7
user_0038,3,6,6,9,8,6,8,7
user_0039,6,3,5,9,6,7,7,7
user_0040,5,8,8,5,7,2,7,6
user_0041,9,4,7,6,4,4,8,5
user_0042,5,8,5,6,10,6,4,6
user_0043,5,9,6,4,5,3,4,5
user_0044,5,6,6,8,9,6,4,5
user_0045,8,3,6,9,4,4,7,5
user_0046,9,3,6,5,3,6,6,5
user_0047,4,9,6,5,6,5,5,6
user_0048,6,8,8,4,8,4,5,4
user_0049,5,8,2,6,7,9,1,9
user_0050,7,4,5,8,6,8,6,6
user_0051,5,7,10,5,5,5,6,3
user_0052,10,4,6,7,2,5,8,4
user_0053,10,4,6,7,5,6,8,4
user_0054,5,8,8,4,7,2,5,5
user_0055,6,4,5,9,5,6,8,7
user_0056,5,4,4,8,7,7,7,6
user_0057,8,3,6,6,4,7,7,4
user_0058,5,10,3,8,4,8,3,7
user_0059,5,4,4,10,8,7,7,8
user_0060,5,4,5,7,6,8,8,8
user_0061,7,7,5,6,6,6,4,6
user_0062,5,8,2,7,4,8,3,7
user_0063,4,8,8,6,7,7,5,6
user_0064,5,7,5,5,9,5,3,7
user_0065,5,6,9,5,4,5,4,6
user_0066,8,4,4,6,4,5,7,4
user_0067,7,5,6,8,6,7,5,6
user_0068,6,5,4,8,7,7,4,4
user_0069,5,8,7,6,5,6,4,4
user_0070,4,3,6,7,7,6,6,9
user_0071,5,8,9,4,8,2,7,4
user_0072,5,9,5,5,4,6,3,6
user_0073,5,8,4,6,4,10,3,5
user_0074,5,7,4,7,6,8,3,7
user_0075,8,4,6,7,4,6,8,5
user_0076,7,4,4,7,7,5,7,7
user_0077,6,6,5,8,10,6,4,7
user_0078,9,3,7,5,3,6,8,6
user_0079,7,4,6,8,7,8,8,8
user_0080,5,3,5,7,6,5,6,7
user_0081,6,4,6,8,6,7,8,8
user_0082,5,3,4,9,6,5,6,9
user_0083,7,4,5,7,8,7,7,6
user_0084,9,3,6,7,4,5,8,4
user_0085,5,7,7,4,7,4,5,4
user_0086,5,8,8,5,4,3,4,3
user_0087,10,3,5,7,5,5,8,3
user_0088,7,10,4,4,5,9,3,9
user_0089,6,7,9,4,5,3,7,6
user_0090,3,5,5,5,9,7,5,7
user_0091,4,5,6,7,9,6,3,5
user_0092,3,7,2,7,5,8,3,4
user_0093,10,2,5,5,4,6,7,4
user_0094,6,6,5,6,7,6,4,8
user_0095,6,2,5,6,3,5,8,4
user_0096,5,7,5,8,10,7,1,8
user_0097,6,10,8,7,6,7,6,6
user_0098,4,8,4,7,4,7,3,8
user_0099,7,9,5,6,4,8,3,7
user_0100,6,9,4,6,4,8,4,9
user_0101,8,4,6,7,4,5,7,4
user_0102,5,5,4,9,6,7,6,7
user_0103,6,9,3,8,5,8,2,8
user_0104,3,6,5,7,8,6,5,7
user_0105,5,7,8,5,5,5,4,5
user_0106,7,2,5,7,3,5,9,6
user_0107,4,6,5,7,8,6,3,6
user_0108,6,3,5,8,6,5,6,7
user_0109,4,8,6,6,8,7,5,7
user_0110,6,9,5,5,6,9,2,7
user_0111,5,7,6,6,6,7,4,5
user_0112,7,9,4,7,5,9,3,8
user_0113,4,7,8,4,5,3,4,4
user_0114,5,7,3,7,5,8,3,8
user_0115,4,8,8,4,5,3,4,3
user_0116,7,7,5,6,6,7,3,7
user_0117,4,7,6,7,4,6,5,4
user_0118,6,7,4,6,4,4,5,5
user_0119,9,5,5,7,3,8,7,6
user_0120,6,9,3,6,3,9,4,8
user_0121,3,6,8,5,6,3,6,2
user_0122,9,4,6,6,5,6,7,5
user_0123,5,6,7,7,6,7,3,7
user_0124,6,8,8,5,6,6,4,6
user_0125,8,3,4,7,4,7,8,4
user_0126,4,8,8,6,7,5,4,5
user_0127,8,3,6,6,3,5,8,5
user_0128,4,6,4,8,9,5,4,7
user_0129,5,8,6,5,9,7,3,7
user_0130,4,5,4,8,6,7,7,7
user_0131,5,6,8,6,5,4,7,3
user_0132,5,7,6,7,7,7,7,7
user_0133,5,7,8,5,4,3,4,5
user_0134,6,6,5,7,10,7,3,5
user_0135,7,4,5,7,3,4,6,6
user_0136,6,10,4,6,7,8,4,7
user_0137,3,9,7,6,5,6,4,6
user_0138,3,7,6,6,9,6,3,7
user_0139,5,5,6,6,8,5,3,7
user_0140,9,3,5,7,4,5,9,5
user_0141,6,9,4,7,7,9,2,6
user_0142,4,7,4,7,9,8,4,5
user_0143,4,5,5,6,7,8,2,8
user_0144,10,4,5,7,2,6,7,4
user_0145,3,4,4,8,8,6,4,8
user_0146,7,7,7,7,8,4,4,4
user_0147,5,7,9,5,4,3,6,4
user_0148,6,9,3,7,2,8,4,7
user_0149,5,6,10,5,6,2,5,3
user_0150,5,7,8,5,4,5,6,3
user_0151,5,5,5,6,10,6,4,6
user_0152,6,9,7,5,6,6,5,7
user_0153,7,7,9,4,5,3,5,2
user_0154,6,6,6,8,5,9,4,7
user_0155,6,7,8,5,4,4,6,4
user_0156,4,8,5,7,10,6,4,6
user_0157,7,4,6,8,6,7,6,8
user_0158,2,7,5,5,8,6,3,5
user_0159,9,5,6,7,5,7,9,4
user_0160,5,9,4,7,7,9,4,7
user_0161,8,7,8,4,5,3,5,2
user_0162,8,5,6,7,5,7,6,3
user_0163,5,7,8,4,6,4,5,1
user_0164,5,4,4,7,6,5,6,6
user_0165,5,6,6,5,6,6,4,5
user_0166,6,5,5,10,7,7,7,8
user_0167,4,6,6,7,9,8,2,6
user_0168,5,6,9,7,8,6,3,7
user_0169,9,3,5,8,5,6,6,5
user_0170,10,5,6,8,4,6,7,5
user_0171,6,6,5,7,8,7,3,8
user_0172,4,10,3,5,6,8,2,6
user_0173,4,7,6,7,9,6,2,5
user_0174,4,6,6,7,9,6,2,7
user_0175,6,5,8,4,6,3,5,3
user_0176,5,4,4,7,7,7,6,9
user_0177,5,10,3,4,6,9,4,7
user_0178,5,7,8,5,6,4,5,3
user_0179,4,7,3,5,5,6,4,6
user_0180,3,8,2,5,5,10,4,8
user_0181,5,7,8,5,4,4,5,4
user_0182,5,5,5,6,7,5,6,7
user_0183,7,8,8,4,6,4,5,2
user_0184,10,3,5,7,3,6,9,4
user_0185,4,8,3,8,7,9,2,6
user_0186,5,7,5,6,8,6,1,5
user_0187,5,6,4,9,7,8,8,7
user_0188,5,7,8,4,6,4,6,5
user_0189,6,7,7,6,10,8,5,7
user_0190,5,7,3,8,5,9,4,7
user_0191,10,1,4,6,3,6,8,5
user_0192,9,3,4,7,3,4,8,6
user_0193,7,9,4,8,5,10,4,8
user_0194,6,10,4,5,7,8,5,7
user_0195,7,9,9,5,6,1,6,2
user_0196,5,5,4,8,10,6,4,6
user_0197,6,4,5,8,6,7,6,8
user_0198,5,9,5,6,5,9,3,8
user_0199,6,10,3,6,5,8,4,6
user_0200,8,9,7,6,4,8,4,5
user_0201,7,4,4,7,3,4,7,5
user_0202,4,7,7,8,6,5,4,6
user_0203,5,5,5,9,6,8,6,7
user_0204,8,7,3,6,8,10,5,7
user_0205,8,8,9,5,5,3,5,4
user_0206,9,3,7,4,4,6,9,4
user_0207,6,8,8,5,6,7,2,5
user_0208,10,5,6,6,3,5,9,4
user_0209,6,7,7,5,5,4,3,6
user_0210,4,10,1,6,6,8,2,7
user_0211,4,6,7,7,10,7,5,4
user_0212,4,8,5,8,10,6,3,5
user_0213,5,6,9,3,6,4,4,5
user_0214,6,5,4,9,8,6,9,8
user_0215,10,4,6,5,4,5,7,6
user_0216,5,3,4,7,8,6,7,9
user_0217,5,8,5,8,6,5,4,5
user_0218,5,10,2,7,5,8,3,7
user_0219,6,8,9,1,6,2,6,5
user_0220,4,6,5,8,9,8,4,7
user_0221,5,7,4,7,8,7,3,5
user_0222,6,6,7,5,6,4,7,3
user_0223,7,3,5,6,3,5,6,4
user_0224,4,5,4,10,8,7,5,9
user_0225,7,8,8,5,4,5,6,4
user_0226,5,5,4,8,7,6,5,8
user_0227,6,7,5,5,8,8,4,7
user_0228,6,8,9,5,5,2,6,5
user_0229,3,7,7,6,8,7,3,6
user_0230,6,7,2,7,5,9,5,8
user_0231,5,6,6,6,9,6,5,5
user_0232,3,7,7,6,7,6,4,3
user_0233,8,5,5,7,4,4,8,6
user_0234,8,2,5,4,4,6,9,4
user_0235,6,8,3,5,5,8,4,7
user_0236,6,7,6,6,6,6,4,5
user_0237,5,7,8,7,5,3,5,3
user_0238,5,5,3,10,7,5,4,7
user_0239,5,10,9,3,5,3,6,2
user_0240,5,4,3,9,7,7,7,7
user_0241,9,4,6,6,3,6,10,5
user_0242,4,6,5,9,8,7,3,7
user_0243,5,6,5,8,9,7,4,7
user_0244,8,9,4,5,5,7,5,5
user_0245,5,5,8,4,7,4,5,5
user_0246,6,8,5,5,5,6,5,7
user_0247,6,2,5,7,6,6,6,6
user_0248,5,5,6,9,7,6,1,6
user_0249,6,9,4,7,8,10,3,6
user_0250,5,7,9,3,5,4,5,3
user_0251,7,6,6,5,6,6,5,5
user_0252,8,3,5,7,3,6,8,4
user_0253,6,7,7,6,5,6,5,7
user_0254,9,4,4,9,2,6,8,3
user_0255,5,7,10,4,5,1,7,2
user_0256,6,7,6,6,7,6,5,6
user_0257,7,8,5,8,7,8,3,8
user_0258,4,9,8,5,5,2,5,4
user_0259,9,4,6,6,4,7,8,5
user_0260,6,7,2,7,5,9,5,8
user_0261,6,7,5,6,8,8,4,7
user_0262,7,6,4,5,5,8,4,8
user_0263,6,6,6,7,7,6,3,8
user_0264,6,7,3,9,6,8,4,8
user_0265,8,4,5,7,4,6,7,4
user_0266,6,4,5,8,7,6,6,8
user_0267,7,4,6,9,5,7,6,8
user_0268,4,7,5,7,7,5,4,8
user_0269,4,7,7,7,8,5,1,6
user_0270,7,6,7,5,6,6,4,6
user_0271,5,9,4,7,7,9,3,7
user_0272,5,9,6,7,3,8,2,7
user_0273,4,8,2,7,6,9,3,6
user_0274,6,10,4,6,4,8,4,9
user_0275,6,8,7,6,5,6,4,6
user_0276,5,8,4,7,10,7,4,7
user_0277,7,3,3,8,4,8,8,7
user_0278,5,7,7,6,6,5,5,6
user_0279,8,5,4,6,4,5,8,5
user_0280,5,7,6,5,8,5,6,5
user_0281,4,8,7,6,7,8,5,5
user_0282,6,7,7,4,8,6,3,5
user_0283,6,9,7,5,4,3,7,3
user_0284,7,4,5,7,3,5,5,5
user_0285,4,5,6,8,8,7,4,5
user_0286,8,4,5,9,6,7,7,6
user_0287,5,4,4,7,8,8,7,9
user_0288,4,6,5,7,9,6,5,7
user_0289,5,7,9,6,6,5,7,4
user_0290,5,3,4,9,8,7,8,7
user_0291,6,8,5,5,6,6,3,3
user_0292,5,4,4,9,7,7,4,6
user_0293,8,4,6,7,3,5,7,5
user_0294,8,4,6,6,3,4,7,4
user_0295,2,6,6,7,8,7,3,7
user_0296,7,8,9,4,6,2,5,4
user_0297,6,9,4,6,6,8,3,8
user_0298,6,7,4,7,5,10,3,7
user_0299,5,7,8,3,5,3,7,6
user_0300,7,4,4,8,8,6,5,7
user_0301,6,8,8,5,3,4,6,3
user_0302,5,6,10,4,6,4,7,3
user_0303,5,5,6,8,6,5,5,8
user_0304,8,3,5,7,3,5,9,6
user_0305,4,8,6,5,6,5,5,6
user_0306,5,6,5,5,8,8,3,5
user_0307,6,8,3,8,6,8,3,7
user_0308,9,3,4,6,2,8,7,4
user_0309,6,7,8,5,7,4,7,2
user_0310,6,8,9,6,5,3,6,2
user_0311,5,8,3,8,4,8,4,9
user_0312,5,5,5,9,5,5,7,7
user_0313,5,7,5,5,9,5,3,6
user_0314,5,9,6,5,4,6,4,6
user_0315,5,5,4,8,7,9,7,7
user_0316,6,8,3,6,5,9,2,9
user_0317,6,5,5,8,7,8,6,6
user_0318,6,8,5,5,5,5,4,5
user_0319,5,7,6,6,5,7,5,4
user_0320,6,8,8,3,6,3,4,2
user_0321,5,4,4,8,5,6,7,7
user_0322,7,3,4,7,4,4,8,3
user_0323,10,3,4,5,4,5,7,6
user_0324,5,5,6,9,5,7,5,9
user_0325,5,10,8,5,6,6,5,6
user_0326,6,6,5,6,9,7,4,7
user_0327,3,8,7,7,4,7,5,6
user_0328,7,8,7,6,5,5,4,5
user_0329,2,7,5,6,9,5,5,6
user_0330,5,8,4,8,7,9,4,7
user_0331,4,7,6,7,6,7,6,5
user_0332,3,8,7,5,10,7,4,8
user_0333,7,5,5,9,6,6,6,7
user_0334,4,6,6,6,9,5,3,7
user_0335,8,3,4,7,4,6,9,5
user_0336,5,7,6,5,8,8,1,6
user_0337,7,7,6,6,5,6,4,7
user_0338,7,8,2,6,5,9,2,7
user_0339,6,5,4,7,10,7,6,8
user_0340,4,7,6,7,8,5,5,6
user_0341,4,7,6,5,6,6,5,5
user_0342,6,9,2,7,4,10,3,7
user_0343,4,6,8,7,7,8,5,6
user_0344,6,4,6,8,7,6,5,10
user_0345,4,5,3,8,7,6,7,7
user_0346,10,5,5,7,4,6,8,5
user_0347,5,5,6,9,7,7,6,8
user_0348,4,10,1,6,7,7,4,7
user_0349,5,8,7,3,5,6,5,7
user_0350,7,4,7,9,6,6,4,9
user_0351,7,3,4,9,6,5,6,7
user_0352,5,8,8,5,6,6,5,5
user_0353,6,8,5,7,7,5,5,6
user_0354,5,9,4,5,6,7,4,7
user_0355,5,6,5,7,5,6,7,8
user_0356,5,7,4,6,8,9,5,6
user_0357,4,3,6,10,6,6,5,6
user_0358,5,7,6,5,10,6,4,5
user_0359,5,5,5,9,7,5,7,8
user_0360,9,4,4,5,1,6,8,5
user_0361,9,1,4,7,4,5,8,5
user_0362,9,3,6,6,2,5,7,5
user_0363,8,3,4,7,3,5,9,5
user_0364,4,7,3,5,6,9,4,7
user_0365,7,7,4,9,7,6,6,6
user_0366,3,7,5,4,9,6,5,7
user_0367,4,6,3,6,6,8,5,6
user_0368,6,8,4,7,6,6,4,7
user_0369,4,5,5,8,8,7,7,6
user_0370,8,6,10,4,5,4,7,2
user_0371,7,6,4,10,5,6,7,7
user_0372,6,9,3,7,5,9,5,8
user_0373,9,2,6,6,2,5,7,5
user_0374,6,6,8,3,5,4,5,3
user_0375,7,6,5,6,5,8,5,6
user_0376,6,5,3,8,6,6,6,7
user_0377,5,6,7,6,7,8,3,5
user_0378,4,10,3,6,5,10,3,10
user_0379,5,8,6,6,8,7,4,6
user_0380,6,9,10,5,7,3,6,5
user_0381,5,7,8,5,4,7,6,6
user_0382,5,8,4,8,6,10,3,7
user_0383,5,6,8,5,6,6,6,5
user_0384,5,8,8,7,8,6,4,7
user_0385,6,8,9,4,6,5,7,4
user_0386,10,3,5,6,3,5,9,4
user_0387,5,10,3,7,6,7,5,8
user_0388,10,3,6,7,4,4,8,3
user_0389,6,5,5,6,5,5,6,6
user_0390,6,7,10,4,7,3,4,4
user_0391,6,6,8,4,6,1,7,3
user_0392,4,8,8,6,6,3,5,4
user_0393,5,7,9,4,6,5,5,4
user_0394,5,8,7,6,5,5,5,6
user_0395,4,8,4,7,7,8,2,8
user_0396,5,4,5,9,6,6,7,6
user_0397,5,10,6,7,5,6,5,7
user_0398,4,8,5,7,9,5,3,7
user_0399,5,10,3,8,6,8,3,7
user_0400,4,5,4,5,10,7,4,7
user_0401,6,10,3,7,6,7,7,8
user_0402,5,8,6,7,9,5,3,7
user_0403,6,9,8,3,7,5,6,3
user_0404,7,10,7,4,5,6,3,6
user_0405,5,8,7,7,6,7,4,7
user_0406,4,4,3,6,6,6,9,7
user_0407,7,3,4,9,6,6,6,7
user_0408,10,4,6,7,4,5,7,5
user_0409,6,8,5,7,8,7,3,6
user_0410,7,8,7,4,5,5,4,6
user_0411,5,8,9,4,5,4,7,4
user_0412,8,4,7,7,4,6,9,6
user_0413,5,8,4,5,9,7,3,7
user_0414,4,7,8,3,7,2,5,4
user_0415,6,6,7,6,8,6,4,5
user_0416,5,7,8,6,6,7,2,7
user_0417,9,4,5,6,4,8,9,6
user_0418,8,3,5,6,1,5,7,4
user_0419,5,7,5,6,7,6,3,7
user_0420,6,8,9,4,5,3,4,4
user_0421,5,3,4,8,7,8,6,5
user_0422,5,7,8,4,6,4,5,4
user_0423,5,7,8,6,6,7,5,6
user_0424,4,8,6,7,6,5,5,6
user_0425,5,5,6,6,9,6,3,8
user_0426,4,4,4,8,6,7,5,6
user_0427,8,9,3,7,6,9,3,8
user_0428,2,5,6,7,8,7,3,6
user_0429,7,8,6,4,5,5,4,7
user_0430,6,8,5,7,3,6,5,5
user_0431,7,7,9,5,9,5,6,3
user_0432,6,4,5,9,5,7,6,8
user_0433,5,8,9,4,5,4,6,2
user_0434,6,9,9,5,6,4,6,1
user_0435,3,8,4,7,8,6,4,7
user_0436,8,7,10,5,5,4,6,4
user_0437,9,3,5,7,3,5,8,5
user_0438,7,5,6,6,4,6,8,5
user_0439,6,9,9,4,4,5,5,3
user_0440,4,5,5,7,7,6,9,7
user_0441,5,7,10,4,5,4,4,4
user_0442,7,8,7,6,7,7,5,6
user_0443,5,8,5,5,2,6,4,7
user_0444,6,6,3,10,9,7,7,8
user_0445,4,7,4,6,7,6,4,7
user_0446,9,4,4,6,3,5,8,4
user_0447,8,1,5,5,4,5,8,4
user_0448,6,7,4,5,9,6,1,8
user_0449,6,8,8,5,5,4,5,5
user_0450,4,6,5,8,7,7,8,8
user_0451,5,9,5,8,6,9,4,9
user_0452,5,7,4,6,4,8,6,8
user_0453,6,6,7,4,7,4,6,4
user_0454,4,8,5,8,9,5,3,5
user_0455,7,4,2,9,6,5,8,8
user_0456,8,3,4,5,5,5,8,2
user_0457,7,4,6,8,5,5,8,4
user_0458,8,9,9,5,7,4,7,1
user_0459,6,7,8,7,6,7,6,6
user_0460,7,6,5,7,8,7,5,7
user_0461,4,9,3,7,6,10,4,9
user_0462,4,7,7,6,10,6,3,7
user_0463,6,8,8,5,5,2,5,3
user_0464,5,8,4,7,7,7,3,5
user_0465,9,3,5,4,4,6,8,3
user_0466,7,7,8,7,5,4,6,4
user_0467,9,4,6,6,5,4,9,5
user_0468,6,6,4,7,6,6,6,6
user_0469,5,4,2,9,9,7,6,7
user_0470,5,8,6,5,7,4,5,5
user_0471,6,7,5,6,9,5,3,5
user_0472,5,5,5,7,6,7,6,7
user_0473,4,6,5,7,10,6,3,6
user_0474,8,5,3,6,4,5,7,5
user_0475,6,8,8,5,5,4,7,1
user_0476,6,3,7,8,7,6,6,7
user_0477,7,8,10,5,6,3,5,2
user_0478,6,4,5,9,7,8,6,8
user_0479,7,8,7,6,9,5,4,7
user_0480,6,6,3,10,7,6,6,8
user_0481,7,9,4,7,7,8,3,9
user_0482,6,6,4,8,8,6,6,8
user_0483,8,3,6,7,5,7,7,5
user_0484,6,9,7,6,6,6,4,6
user_0485,10,3,6,6,1,6,8,4
user_0486,4,7,9,6,7,2,6,3
user_0487,4,6,6,7,8,6,4,7
user_0488,6,5,6,5,8,6,3,6
user_0489,4,2,4,8,6,8,6,9
user_0490,6,5,6,6,6,5,4,9
user_0491,6,8,6,7,8,5,3,3
user_0492,7,7,7,4,5,5,5,5
user_0493,4,4,6,9,7,6,4,7
user_0494,5,5,8,9,9,7,6,8
user_0495,7,9,8,5,4,4,7,4
user_0496,5,5,5,9,7,6,7,8
user_0497,8,2,5,7,4,5,8,4
user_0498,9,4,5,7,5,5,8,4
user_0499,9,3,6,8,3,4,6,3
user_0500,6,6,6,6,6,5,5,6
user_0501,5,8,6,7,8,8,3,6
user_0502,4,8,5,8,7,5,3,6
user_0503,6,8,8,4,5,3,5,5
user_0504,4,6,4,8,7,8,8,8
user_0505,7,6,8,4,7,3,6,4
user_0506,5,7,8,5,6,5,4,5
user_0507,5,4,5,8,6,6,6,8
user_0508,7,4,7,7,8,6,6,7
user_0509,5,8,7,5,5,5,4,5
user_0510,4,7,8,6,8,7,3,7
user_0511,5,6,5,8,6,6,8,6
user_0512,4,6,5,6,7,6,3,6
user_0513,6,8,6,6,3,5,6,5
user_0514,5,10,10,5,7,1,5,3
user_0515,5,4,2,9,7,8,6,7
user_0516,3,8,4,6,8,8,4,6
user_0517,5,5,6,7,10,5,4,7
user_0518,6,4,2,9,6,6,7,7
user_0519,3,5,4,9,9,7,3,6
user_0520,7,4,5,8,8,7,8,7
user_0521,7,4,5,10,5,7,7,8
user_0522,5,7,3,10,8,8,5,7
user_0523,7,6,7,4,6,5,5,3
user_0524,6,9,4,6,4,8,5,8
user_0525,5,6,3,8,7,6,7,7
user_0526,3,7,4,7,10,6,2,6
user_0527,5,8,8,6,7,3,6,3
user_0528,9,3,6,8,4,6,8,5
user_0529,3,8,7,6,8,7,4,6
user_0530,3,7,6,7,9,6,4,7
user_0531,5,8,2,6,6,9,5,7
user_0532,9,4,8,7,2,6,9,4
user_0533,6,9,10,5,5,3,6,4
user_0534,6,4,5,9,7,6,6,8
user_0535,3,4,7,7,9,5,4,7
user_0536,4,10,4,6,5,6,4,8
user_0537,5,10,2,6,5,8,4,8
user_0538,5,8,5,9,6,8,5,6
user_0539,8,3,4,6,3,6,8,4
user_0540,5,4,5,8,7,7,7,9
user_0541,4,7,10,4,3,3,6,1
user_0542,6,6,6,6,7,5,3,8
user_0543,5,8,3,8,7,10,4,8
user_0544,4,4,4,7,8,6,8,8
user_0545,6,5,4,10,7,7,6,7
user_0546,6,8,6,4,4,7,4,5
user_0547,7,7,3,6,7,10,4,8
user_0548,8,5,6,7,3,5,9,5
user_0549,7,5,4,8,7,6,5,9
user_0550,5,8,9,4,7,2,6,4
user_0551,5,6,7,6,5,6,5,4
user_0552,5,6,5,8,6,6,6,7
user_0553,4,10,4,5,6,8,3,7
user_0554,5,10,3,6,5,10,2,7
user_0555,7,5,5,10,7,6,6,6
user_0556,7,8,10,6,5,3,5,3
user_0557,6,9,6,6,5,6,4,3
user_0558,6,9,4,6,4,9,4,7
user_0559,7,7,8,6,4,5,5,5
user_0560,7,3,5,7,4,4,7,5
user_0561,5,3,3,9,7,6,7,9
user_0562,5,7,4,6,5,9,4,5
user_0563,8,6,6,7,5,6,8,5
user_0564,6,7,7,5,6,4,4,5
user_0565,8,3,5,7,4,5,9,5
user_0566,6,8,9,6,7,5,6,4
user_0567,6,6,5,7,9,7,3,5
user_0568,6,7,7,3,6,5,6,4
user_0569,7,6,7,5,6,5,4,6
user_0570,7,8,8,3,4,5,5,3
user_0571,7,7,5,6,4,8,3,8
user_0572,5,6,6,4,6,4,4,6
user_0573,5,8,9,3,5,1,6,3
user_0574,5,5,6,8,6,7,5,7
user_0575,7,5,3,7,7,7,5,8
user_0576,7,9,9,5,3,6,5,3
user_0577,5,10,6,7,6,9,2,9
user_0578,5,10,5,7,7,10,3,7
user_0579,7,6,5,8,3,7,7,3
user_0580,5,8,4,6,6,8,3,7
user_0581,8,8,5,5,6,7,6,5
user_0582,8,4,6,7,4,5,3,10
user_0583,6,7,7,6,6,7,4,5
user_0584,6,5,5,10,6,6,7,7
user_0585,5,6,5,8,8,6,5,5
user_0586,5,9,4,8,5,9,3,7
user_0587,7,7,9,5,4,4,6,2
user_0588,6,4,6,7,6,7,7,8
user_0589,4,9,9,6,6,3,4,3
user_0590,6,8,5,4,8,6,3,7
user_0591,6,8,7,4,5,8,5,6
user_0592,6,8,6,4,5,5,6,2
user_0593,6,4,3,8,7,8,7,8
user_0594,5,7,6,4,9,5,5,6
user_0595,6,3,6,9,7,6,6,8
user_0596,4,7,3,6,10,7,4,8
user_0597,3,8,3,7,6,8,4,7
user_0598,7,7,3,6,7,8,3,8
user_0599,6,9,4,6,5,9,4,7
user_0600,6,7,4,7,7,9,2,7
user_0601,5,9,1,7,6,8,4,7
user_0602,4,6,5,7,8,6,5,7
user_0603,4,4,5,9,5,8,7,8
user_0604,7,8,9,6,7,3,6,3
user_0605,6,8,5,5,6,5,5,6
user_0606,5,8,8,6,6,5,5,6
user_0607,6,7,4,5,9,6,4,7
user_0608,5,4,4,8,6,6,6,7
user_0609,5,6,7,8,9,7,4,7
user_0610,6,8,7,5,6,6,4,5
user_0611,5,7,6,7,9,8,3,5
user_0612,6,6,5,5,9,5,3,7
user_0613,6,8,3,6,5,9,3,7
user_0614,4,9,7,6,7,5,4,4
user_0615,9,8,5,5,6,10,3,6
user_0616,5,6,3,7,5,8,4,8
user_0617,4,8,10,3,5,5,7,3
user_0618,5,6,5,6,8,7,3,5
user_0619,5,9,9,4,6,3,7,3
user_0620,5,6,6,7,8,6,3,7
user_0621,6,4,5,8,7,6,7,10
user_0622,6,9,4,6,7,8,5,7
user_0623,4,7,4,7,7,6,2,9
user_0624,3,7,7,8,9,6,5,7
user_0625,9,4,5,6,5,7,7,4
user_0626,5,4,5,9,6,6,8,7
user_0627,4,8,3,8,6,10,4,8
user_0628,5,4,4,8,7,7,8,6
user_0629,6,6,9,5,5,4,5,2
user_0630,6,9,8,6,6,2,4,4
user_0631,4,5,4,6,9,6,3,7
user_0632,7,8,6,6,5,5,4,4
user_0633,4,4,7,6,10,7,4,6
user_0634,9,4,6,7,3,5,6,5
user_0635,6,8,6,6,7,8,2,6
user_0636,5,8,4,7,3,9,1,8
user_0637,8,1,5,6,5,6,8,6
user_0638,4,7,6,5,10,5,4,5
user_0639,6,9,8,4,6,3,7,4
user_0640,5,8,3,6,5,8,3,10
user_0641,3,7,6,7,8,6,4,7
user_0642,5,7,3,5,5,9,4,9
user_0643,5,8,9,6,6,2,4,4
user_0644,5,7,5,6,7,5,5,5
user_0645,4,8,5,6,5,6,3,6
user_0646,5,4,1,10,7,6,5,7
user_0647,5,5,5,8,7,7,6,7
user_0648,6,5,4,10,6,5,6,7
user_0649,5,8,5,7,6,8,2,5
user_0650,5,7,5,6,9,6,5,8
user_0651,6,8,5,6,6,6,5,6
user_0652,10,3,6,6,4,6,8,6
user_0653,5,4,5,9,7,8,6,6
user_0654,6,8,4,6,5,8,4,7
user_0655,5,4,5,9,9,7,6,10
user_0656,6,8,7,6,6,4,5,4
user_0657,5,7,7,6,6,6,4,5
user_0658,9,5,4,5,3,7,9,4
user_0659,6,10,4,8,6,8,3,8
user_0660,6,5,5,6,5,4,7,8
user_0661,6,7,7,6,4,4,4,7
user_0662,7,9,3,7,5,8,1,8
user_0663,5,8,4,6,3,7,5,5
user_0664,9,3,6,7,1,5,7,4
user_0665,10,2,5,5,5,5,7,4
user_0666,6,8,10,5,5,3,5,2
user_0667,5,7,5,6,10,5,1,5
user_0668,4,9,3,6,7,8,4,9
user_0669,5,8,8,5,4,2,5,3
user_0670,8,3,6,6,3,5,7,4
user_0671,4,9,3,7,4,8,5,7
user_0672,5,6,5,7,6,6,3,6
user_0673,10,5,6,5,4,6,6,3
user_0674,6,5,3,9,7,7,6,8
user_0675,6,7,7,5,7,5,4,5
user_0676,6,8,7,6,6,4,5,4
user_0677,5,10,3,7,5,9,3,9
user_0678,5,7,8,4,6,3,7,3
user_0679,6,7,9,4,5,5,5,4
user_0680,5,9,2,6,5,10,4,9
user_0681,6,7,8,6,5,6,4,4
user_0682,5,8,7,7,8,7,4,8
user_0683,4,6,5,7,7,7,4,7
user_0684,5,8,6,6,8,6,4,5
user_0685,7,10,3,6,6,9,5,6
user_0686,8,3,4,6,4,5,6,7
user_0687,9,4,4,7,3,4,6,5
user_0688,7,9,5,6,5,10,5,9
user_0689,4,4,5,8,7,7,8,9
user_0690,5,6,7,7,5,6,5,6
user_0691,6,4,2,7,6,8,6,7
user_0692,5,9,5,8,6,7,3,9
user_0693,7,7,3,7,5,6,4,7
user_0694,8,3,5,6,3,5,6,5
user_0695,3,7,7,4,6,7,1,5
user_0696,3,7,8,2,7,4,5,5
user_0697,4,6,4,7,6,6,5,6
user_0698,9,4,6,6,3,6,8,3
user_0699,4,9,8,5,4,2,5,3
user_0700,5,9,9,6,6,1,7,2
user_0701,6,7,9,7,5,5,5,6
user_0702,6,7,3,6,7,9,3,8
user_0703,4,7,8,6,9,6,3,7
user_0704,8,6,5,7,2,6,9,4
user_0705,6,3,6,7,6,5,7,3
user_0706,5,7,5,7,9,7,3,6
user_0707,3,5,5,9,7,7,6,8
user_0708,4,4,5,8,7,6,7,8
user_0709,9,4,6,4,5,7,7,5
user_0710,4,5,5,6,8,6,3,6
user_0711,4,7,6,9,10,7,3,7
user_0712,6,7,9,3,5,4,5,3
user_0713,5,8,5,5,6,9,3,8
user_0714,5,6,3,8,5,5,8,8
user_0715,6,4,5,8,7,6,6,8
user_0716,6,8,7,4,6,3,7,1
user_0717,5,7,4,4,6,6,6,7
user_0718,6,5,5,6,5,7,7,8
user_0719,5,8,10,5,6,3,7,4
user_0720,5,7,5,6,8,7,3,7
user_0721,6,7,8,5,7,6,4,5
user_0722,8,3,4,6,3,6,9,3
user_0723,6,6,5,7,8,6,3,6
user_0724,6,7,5,6,4,4,6,4
user_0725,3,9,3,6,5,9,3,9
user_0726,4,8,9,4,4,5,5,3
user_0727,6,9,2,8,5,8,4,8
user_0728,6,5,6,7,8,7,4,5
user_0729,7,7,2,6,7,8,3,9
user_0730,5,6,6,7,6,7,5,5
user_0731,9,3,5,10,5,6,7,6
user_0732,7,10,5,5,4,7,3,8
user_0733,4,9,7,6,10,8,3,4
user_0734,4,6,6,7,9,7,2,7
user_0735,5,5,5,7,6,6,6,8
user_0736,5,8,3,8,5,9,5,7
user_0737,7,9,8,5,6,4,4,5
user_0738,8,7,6,4,6,6,6,6
user_0739,4,4,6,8,8,6,6,7
user_0740,5,8,4,7,4,8,3,7
user_0741,6,7,10,6,7,3,5,4
user_0742,5,7,7,4,5,4,6,5
user_0743,4,5,4,7,6,8,6,9
user_0744,5,6,7,7,8,8,4,7
user_0745,8,5,6,7,3,6,8,4
user_0746,4,8,7,5,5,5,5,5
user_0747,5,9,6,5,6,10,4,8
user_0748,9,4,4,8,1,5,9,4
user_0749,5,8,6,4,6,5,3,6
user_0750,6,7,6,6,7,5,5,6
user_0751,6,8,8,4,6,5,5,4
user_0752,4,7,7,7,7,6,5,7
user_0753,4,7,7,6,6,8,5,5
user_0754,8,3,6,6,5,7,8,3
user_0755,4,8,5,8,9,7,3,6
user_0756,6,9,8,4,6,4,5,2
user_0757,6,6,8,5,4,5,5,5
user_0758,6,8,8,4,5,5,7,1
user_0759,6,7,6,6,7,7,3,5
user_0760,3,7,6,7,9,6,3,6
user_0761,4,6,6,8,8,8,4,7
user_0762,4,3,5,9,6,8,7,7
user_0763,6,10,2,7,5,9,5,7
user_0764,7,7,5,9,6,7,6,8
user_0765,10,3,7,8,4,5,7,4
user_0766,5,5,6,5,9,7,5,8
user_0767,7,10,4,5,4,6,2,8
user_0768,4,6,6,6,7,6,3,6
user_0769,7,8,5,8,5,7,3,9
user_0770,5,8,8,5,5,6,5,5
user_0771,8,3,4,7,3,3,7,4
user_0772,7,8,2,7,5,8,4,6
user_0773,7,5,6,6,3,6,8,4
user_0774,6,7,8,5,5,4,6,2
user_0775,3,6,7,6,8,6,3,7
user_0776,7,8,6,8,6,5,6,5
user_0777,7,7,10,5,7,5,4,5
user_0778,4,7,3,7,6,8,4,8
user_0779,6,6,6,8,6,7,5,7
user_0780,6,8,2,5,6,10,5,8
user_0781,7,6,5,4,8,7,5,6
user_0782,6,10,4,4,6,9,3,7
user_0783,7,1,7,6,5,6,7,4
user_0784,6,9,4,8,5,8,3,8
user_0785,3,5,6,6,8,6,5,8
user_0786,3,6,6,7,8,5,3,6
user_0787,6,6,4,7,6,8,5,9
user_0788,5,7,5,6,5,6,4,5
user_0789,5,7,6,4,8,4,5,4
user_0790,4,8,7,7,6,5,4,7
user_0791,6,6,9,5,5,4,6,3
user_0792,5,9,7,6,4,6,5,3
user_0793,6,7,8,4,5,5,5,4
user_0794,5,9,4,7,6,9,1,6
user_0795,6,2,4,8,6,6,7,9
user_0796,4,6,5,4,9,7,5,6
user_0797,4,8,9,5,6,5,5,3
user_0798,7,8,2,6,5,9,3,8
user_0799,5,2,5,9,7,6,6,8
user_0800,7,8,9,4,4,4,6,4
user_0801,5,5,5,10,7,7,5,8
user_0802,6,9,5,6,8,7,4,7
user_0803,4,7,5,5,6,7,3,6
user_0804,6,9,6,4,4,4,5,7
user_0805,5,9,2,7,6,7,3,8
user_0806,3,6,5,9,6,5,7,7
user_0807,9,5,6,8,4,5,7,5
user_0808,7,3,5,10,6,7,7,8
user_0809,5,7,9,3,5,4,7,4
user_0810,6,6,4,8,9,6,8,8
user_0811,4,9,4,7,5,7,3,7
user_0812,6,8,7,7,7,6,4,6
user_0813,9,4,6,8,3,6,7,4
user_0814,6,6,5,9,7,7,5,6
user_0815,8,4,6,7,3,6,7,6
user_0816,9,6,6,6,3,4,7,4
user_0817,6,4,5,10,6,9,5,7
user_0818,5,5,2,7,6,8,7,6
user_0819,4,9,6,5,7,7,6,5
user_0820,4,5,5,9,8,5,7,6
user_0821,6,4,4,8,5,7,6,8
user_0822,6,9,7,6,7,5,3,6
user_0823,4,10,8,8,6,6,4,6
user_0824,3,4,5,5,10,8,2,8
user_0825,6,3,4,8,7,5,6,7
user_0826,6,7,8,4,8,3,4,4
user_0827,8,2,8,6,3,6,9,3
user_0828,6,10,4,5,5,9,5,7
user_0829,6,6,5,5,7,6,5,6
user_0830,7,8,4,6,7,8,3,8
user_0831,6,5,5,7,8,7,8,7
user_0832,6,8,10,6,6,2,7,4
user_0833,8,4,4,8,2,5,8,6
user_0834,6,5,4,8,7,6,5,7
user_0835,6,7,8,4,5,3,5,4
user_0836,9,3,4,5,6,4,7,5
user_0837,6,8,8,5,6,3,6,5
user_0838,5,7,8,6,7,4,5,6
user_0839,5,5,6,8,7,7,5,7
user_0840,6,7,8,4,6,4,5,4
user_0841,5,6,8,6,6,3,5,3
user_0842,6,3,4,8,5,6,7,8
user_0843,8,3,7,6,4,5,8,5
user_0844,4,4,6,10,6,7,9,9
user_0845,5,7,9,3,7,4,6,3
user_0846,5,10,3,6,5,9,2,7
user_0847,4,7,5,5,7,5,5,7
user_0848,6,9,4,6,7,9,5,8
user_0849,8,3,5,8,3,5,8,4
user_0850,6,9,9,5,4,3,6,2
user_0851,7,7,6,6,9,5,6,8
user_0852,9,2,6,8,4,4,7,4
user_0853,5,10,2,7,4,8,1,7
user_0854,7,8,5,7,7,6,7,6
user_0855,6,4,5,9,7,6,7,7
user_0856,6,4,4,7,4,6,7,5
user_0857,9,4,7,7,4,5,8,5
user_0858,5,8,8,5,6,4,6,2
user_0859,4,7,8,6,9,6,3,6
user_0860,3,10,1,6,4,8,5,8
user_0861,8,3,5,6,4,7,6,4
user_0862,5,5,5,9,7,6,8,8
user_0863,9,5,6,8,4,5,7,4
user_0864,8,5,6,7,4,8,6,4
user_0865,4,7,9,4,5,4,5,4
user_0866,10,4,6,8,4,5,7,4
user_0867,4,7,6,7,7,8,3,5
user_0868,5,10,8,4,5,3,5,4
user_0869,7,8,5,5,5,6,6,5
user_0870,5,9,7,6,7,6,3,6
user_0871,4,9,2,6,5,8,3,9
user_0872,5,9,3,6,6,8,2,8
user_0873,7,8,3,7,6,9,1,6
user_0874,5,8,9,5,6,2,7,5
user_0875,3,7,5,7,10,9,4,7
user_0876,5,8,10,4,5,2,6,4
user_0877,5,9,8,4,5,3,6,5
user_0878,4,8,9,5,6,4,6,4
user_0879,5,8,8,4,5,4,6,4
user_0880,8,2,6,7,4,5,6,5
user_0881,5,9,3,6,5,8,4,7
user_0882,6,9,3,5,8,8,4,9
user_0883,6,4,4,8,7,7,6,6
user_0884,4,8,7,6,5,4,5,6
user_0885,6,8,3,7,6,9,3,8
user_0886,6,6,5,8,8,7,3,5
user_0887,10,1,4,7,4,5,8,2
user_0888,6,8,6,6,6,5,3,8
user_0889,7,3,4,8,8,4,6,6
user_0890,5,7,9,4,5,4,6,4
user_0891,5,4,4,9,4,7,7,8
user_0892,5,5,6,7,6,5,5,6
user_0893,6,8,4,8,7,10,3,9
user_0894,5,8,7,5,6,6,4,7
user_0895,7,5,7,6,3,5,7,4
user_0896,10,5,6,6,3,5,6,3
user_0897,7,7,5,7,7,5,3,8
user_0898,5,5,10,4,4,3,6,4
user_0899,7,8,4,6,4,9,4,8
user_0900,6,8,2,7,7,10,4,8
user_0901,6,5,3,9,5,6,8,8
user_0902,5,7,8,4,7,4,8,5
user_0903,6,5,4,7,8,8,6,8
user_0904,7,8,7,5,5,5,7,5
user_0905,4,7,8,5,4,6,4,7
user_0906,6,8,6,7,6,5,4,5
user_0907,5,9,7,4,6,4,5,4
user_0908,4,6,6,7,8,8,4,7
user_0909,7,9,8,6,6,6,3,6
user_0910,5,7,5,6,9,5,5,6
user_0911,6,8,7,4,6,6,4,5
user_0912,5,7,5,8,6,8,3,8
user_0913,10,3,4,8,2,4,7,3
user_0914,10,4,5,8,5,5,7,7
user_0915,6,9,5,7,5,9,5,6
user_0916,5,9,8,6,7,3,5,3
user_0917,8,6,5,8,7,7,5,8
user_0918,10,2,6,8,3,7,7,5
user_0919,5,7,6,6,6,5,3,6
user_0920,6,7,8,4,3,5,5,4
user_0921,8,4,6,7,4,5,7,5
user_0922,7,1,5,7,4,6,5,5
user_0923,6,3,5,8,10,4,8,7
user_0924,7,3,6,8,5,7,7,6
user_0925,6,7,8,4,6,3,4,4
user_0926,6,4,6,8,6,7,6,8
user_0927,3,9,2,5,4,7,3,7
user_0928,6,9,2,7,6,8,3,8
user_0929,9,2,5,8,5,6,8,6
user_0930,7,7,6,5,9,4,4,4
user_0931,6,7,3,5,6,10,3,7
user_0932,8,4,5,7,5,5,7,5
user_0933,4,6,9,5,5,3,5,3
user_0934,6,6,8,4,4,4,5,4
user_0935,4,7,7,8,4,5,5,5
user_0936,6,4,5,8,8,6,6,8
user_0937,4,8,5,4,6,5,4,6
user_0938,8,4,6,7,5,6,9,5
user_0939,5,9,7,5,6,7,5,7
user_0940,7,5,3,8,7,7,7,8
user_0941,5,7,5,8,6,8,3,8
user_0942,6,8,7,6,5,7,3,5
user_0943,6,9,4,6,6,8,5,7
user_0944,4,3,5,9,8,5,7,6
user_0945,4,8,4,7,9,6,4,5
user_0946,7,6,5,10,6,7,8,7
user_0947,4,3,7,8,6,5,7,7
user_0948,5,9,2,6,7,9,4,8
user_0949,4,8,5,7,9,8,5,6
user_0950,6,8,4,4,5,5,3,6
user_0951,5,6,4,6,6,6,4,7
user_0952,4,8,5,5,6,8,5,5
user_0953,6,9,4,9,5,9,5,9
user_0954,4,4,6,10,7,6,5,10
user_0955,6,7,6,6,6,5,4,4
user_0956,7,7,9,6,6,3,6,4
user_0957,6,7,5,8,10,5,5,7
user_0958,5,8,5,7,8,5,3,7
user_0959,8,5,7,8,4,6,6,5
user_0960,6,5,6,8,6,7,6,7
user_0961,6,4,6,7,8,7,6,7
user_0962,3,8,5,6,7,8,4,7
user_0963,5,7,6,4,5,6,6,6
user_0964,7,9,4,5,6,9,5,8
user_0965,7,7,3,7,7,8,3,8
user_0966,4,9,8,3,6,5,6,4
user_0967,6,4,3,6,7,8,7,8
user_0968,7,8,8,4,8,4,5,2
user_0969,10,2,7,4,5,6,8,4
user_0970,6,7,5,5,9,6,2,6
user_0971,5,9,4,8,6,8,4,8
user_0972,4,9,5,7,4,9,2,8
user_0973,6,7,8,4,6,3,4,5
user_0974,5,5,5,9,5,5,6,8
user_0975,4,6,8,5,8,8,3,6
user_0976,7,9,3,7,5,7,3,6
user_0977,6,8,9,6,5,4,6,4
user_0978,5,6,9,3,5,1,4,3
user_0979,7,8,6,6,6,5,3,5
user_0980,4,5,6,7,9,7,4,6
user_0981,6,7,8,6,3,4,5,3
user_0982,6,6,6,5,5,5,6,7
user_0983,3,5,5,9,6,6,6,7
user_0984,4,7,7,4,4,4,5,4
user_0985,7,9,4,5,5,6,3,5
user_0986,6,8,7,6,6,6,5,6
user_0987,2,8,3,5,8,7,1,6
user_0988,6,9,3,6,5,8,2,7
user_0989,6,8,7,6,6,6,3,5
user_0990,5,7,8,5,7,4,6,4
user_0991,7,4,6,6,2,5,7,4
user_0992,8,4,3,8,7,7,7,7
user_0993,7,8,10,5,6,3,5,5
user_0994,7,6,9,4,5,4,7,4
user_0995,5,5,4,9,8,4,7,6
user_0996,7,4,3,9,7,6,5,7
user_0997,4,6,7,5,6,7,4,6
user_0998,8,6,10,6,6,5,6,3
user_0999,7,9,8,6,5,6,5,7
user_1000,4,7,4,7,8,7,2,8
